name,author,artwork_url,code,license,like_count,description,top_5_comments
"""The Zone""",squishyam,https://www.lexaloffle.com/bbs/thumbs/pico8_weyubomopo-0.png,[Cart: https://www.lexaloffle.com/bbs/cposts/we/weyubomopo-0.p8.png],CC4-BY-NC-SA,1,"""The Zone""squishyam•2026-09-10*2026-09-10 02:33*•BBS>PICO-8>CartridgesSubscribe to this Thread(Receive email notifications)Pin To Profile""The Zone""Cart File|Forum Post|More cartridgesbysquishyamMore Cartridges[View All]""The Zone""bysquishyamCart#weyubomopo-0

								|2026-09-10|Code ▽|Embed ▽|License:CC4-BY-NC-SA1Copy and paste the snippet below into your HTML.PICO-1K Jam 20261",No comments
Code Golf Snake,bbb,https://www.lexaloffle.com/bbs/thumbs/pico8_codegolfsnake-0.png,[Cart: https://www.lexaloffle.com/bbs/cposts/co/codegolfsnake-0.p8.png],CC4-BY-NC-SA,1,"Code Golf Snakebbb•2026-09-102026-09-10 02:35•BBS>PICO-8>CartridgesSubscribe to this Thread(Receive email notifications)Pin To ProfileCode Golf SnakeCode Golf SnakeCart File|Forum Post|More cartridgesbybbbMore Cartridges[View All]Code Golf SnakebybbbCart#codegolfsnake-0

								|2026-09-10|Code ▽|Embed ▽|License:CC4-BY-NC-SA1Copy and paste the snippet below into your HTML.I wanted to make the game snake in as few tokens as possible, and got it down to 192!Some strategies I used:No cls(), instead the tiles around the snake are cleared.Condensed equations (x=2,y=3 became x,y=2,3)Some jank (spr(,x,y) == spr(0,x,y))If you can optimize it more please let me know, this really was as condensed as I could get it. Some areas I feel probably could be done in less tokens are the controls code and some of the nested if statements.Lmk what you think!codegolfsnaketokensminimal1",No comments
FlappyBird,NinjaLetter2160,https://www.lexaloffle.com/bbs/thumbs/pico8_jefoyezuhe-0.png,[Cart: https://www.lexaloffle.com/bbs/cposts/je/jefoyezuhe-0.p8.png],CC4-BY-NC-SA,0,"FlappyBirdNinjaLetter2160•2026-09-092026-09-09 19:19•BBS>PICO-8>CartridgesSubscribe to this Thread(Receive email notifications)Pin To ProfileFlappyBirdCart File|Forum Post|More cartridgesbyNinjaLetter2160More Cartridges[View All]FlappyBirdbyNinjaLetter2160Cart#jefoyezuhe-0

								|2026-09-09|Code ▽|Embed ▽|License:CC4-BY-NC-SACopy and paste the snippet below into your HTML.Flappy Bird (PICO-8)A tiny retro remake of the classic one-button flyer, built entirely from 8x8 tiles. This is my first game, so go easy on me! Tap the X or O button to make the bird flap — let go and gravity takes over fast, so timing is everything. Weave through the gaps in the pipes without clipping the top, bottom, or floor to rack up your score. Miss one, and it's game over — press the button again to jump right back in.How to play:X or O button — flap / start / retryEach pipe you clear adds 1 to your scoreTouching a pipe, the ceiling, or the floor ends the runpico-8flappybirdflappybirdarcadecasualone-buttonretropixel-artf",No comments
pico pong,chimuenico,https://www.lexaloffle.com/bbs/thumbs/pico8_fkesazuja-0.png,[Cart: https://www.lexaloffle.com/bbs/cposts/fk/fkesazuja-0.p8.png],CC4-BY-NC-SA,0,"pico pongchimuenico•2026-09-09*2026-09-09 18:48*•BBS>PICO-8>CartridgesSubscribe to this Thread(Receive email notifications)Pin To Profilepico pongCart File|Forum Post|More cartridgesbychimuenicoMore Cartridges[View All]pico pongbychimuenicoCart#fkesazuja-0

								|2026-09-09|Code ▽|Embed ▽|License:CC4-BY-NC-SACopy and paste the snippet below into your HTML.",No comments
Bouncing ball,Alkhan,https://www.lexaloffle.com/bbs/thumbs/pico8_bouncingballalkhan-1.png,[Cart: https://www.lexaloffle.com/bbs/cposts/bo/bouncingballalkhan-1.p8.png],CC4-BY-NC-SA,2,"Bouncing ballAlkhan•2026-09-09*2026-09-09 05:27*•BBS>PICO-8>CartridgesSubscribe to this Thread(Receive email notifications)Pin To ProfileBouncing ballCart File|Forum Post|More cartridgesbyAlkhanMore Cartridges[View All]Bouncing ballbyAlkhanCart#bouncingballalkhan-1

								|2026-09-09|Code ▽|Embed ▽|License:CC4-BY-NC-SA2Copy and paste the snippet below into your HTML.A recreation of Bouncing Ball (1953) — one of the earliest known real-time graphical computer games.simulator2",No comments
Retro Rewind Volume 1,mabbees,https://www.lexaloffle.com/bbs/thumbs/pico8_retro_rewind_vol1-4.png,[Cart: https://www.lexaloffle.com/bbs/cposts/re/retro_rewind_vol1-4.p8.png],No License,3,"Retro Rewind Volume 1mabbees•2026-09-08*2026-09-08 23:17*•BBS>PICO-8>CartridgesSubscribe to this Thread(Receive email notifications)Pin To Profileretro_rewind_vol1Cart File|Forum Post|More cartridgesbymabbeesMore Cartridges[View All]retro_rewind_vol1bymabbeesCart#retro_rewind_vol1-4

								|2026-09-10|Code ▽|Embed ▽|No License3Copy and paste the snippet below into your HTML.Note: This cartridge's settings do not allow embedded playback. A [Play at lexaloffle] link will be included instead.What's this? A mixtape from your friends?? Amazing!.✧˖°.Track List.✧˖°.Here Beside YouBefore You GoIsekaiStrawberry Crepes Forever.✧˖°.About.✧˖°.Retro Rewind is part of the Tomodachi 8-in-1 collection, along withRevolutionary GirlsandSpooky Stylin'. You can get the full bundle on itchhttps://illuminesce.itch.io/tomodachi-8in1, which even contains some chapters not yet released on the BBS! (or you can wait... they'll be here eventually)Also, if you like my music, you can get it on my Bandcamphttps://mabbees.bandcamp.com/album/retro-rewind-1musicmixtape3",No comments
Russian checkers,Alkhan,https://www.lexaloffle.com/bbs/thumbs/pico8_russiancheckersalkhan-1.png,[Cart: https://www.lexaloffle.com/bbs/cposts/ru/russiancheckersalkhan-1.p8.png],CC4-BY-NC-SA,4,"Russian checkersAlkhan•2026-09-08*2026-09-08 09:22*•BBS>PICO-8>CartridgesSubscribe to this Thread(Receive email notifications)Pin To ProfileRussian checkersCart File|Forum Post|More cartridgesbyAlkhanMore Cartridges[View All]Russian checkersbyAlkhanCart#russiancheckersalkhan-1

								|2026-09-08|Code ▽|Embed ▽|License:CC4-BY-NC-SA4Copy and paste the snippet below into your HTML.Russian checkers — a classic checkers variant with flying kings and mandatory captures.boardstrategy4",No comments
"""Shadow""",squishyam,https://www.lexaloffle.com/bbs/thumbs/pico8_mifanayipu-1.png,[Cart: https://www.lexaloffle.com/bbs/cposts/mi/mifanayipu-1.p8.png],CC4-BY-NC-SA,3,"""Shadow""squishyam•2026-09-08*2026-09-08 08:26*•BBS>PICO-8>CartridgesSubscribe to this Thread(Receive email notifications)Pin To Profile""Shadow""Cart File|Forum Post|More cartridgesbysquishyamMore Cartridges[View All]""Shadow""bysquishyamCart#mifanayipu-1

								|2026-09-08|Code ▽|Embed ▽|License:CC4-BY-NC-SA3Copy and paste the snippet below into your HTML.Submission for the 2026 National Film and Television School ""Game Poem"" Jam, September 7-8 2026A few tiles are from the excellentCanari 8BIT TopDown Packby Johan Vinet/Canari GamesAll other art/music/programming by me3",No comments
pilatro_35,Jabz,https://www.lexaloffle.com/bbs/thumbs/pico8_pilatro_35-2.png,[Cart: https://www.lexaloffle.com/bbs/cposts/pi/pilatro_35-2.p8.png],No License,3,"pilatro_35Jabz•2026-09-08*2026-09-08 05:37*•BBS>PICO-8>CartridgesSubscribe to this Thread(Receive email notifications)Pin To Profilepilatro_35Cart File|Forum Post|More cartridgesbyJabzMore Cartridges[View All]pilatro_35byJabzCart#pilatro_35-2

								|2026-09-08|Code ▽|Embed ▽|No License3Copy and paste the snippet below into your HTML.Note: This cartridge's settings do not allow embedded playback. A [Play at lexaloffle] link will be included instead.Updates!This is my newest update to the Pico8 Balatro port.In this update I've added:Planet cards (hand levels)+17 new Joker cardsSeudo Tarot cards (I'm not in love with how I've implemented tarot cards for the 8ball, will fix later)Controls:Mouse: select/drag | Holding Right click shows descriptionsX: play/buyC: discard/sellRules:Basically the same as baseBalatrowith some exclusion due to pico8 limitation + me probably being dumb.Core Game StructureAntes and Blinds:Each Ante consists of three rounds called Blinds: aSmall Blind, aBig Blind, and aBoss Blind.Winning a Run:Successfully clear all 8 Antes to win the standard run.Turn and Hand RulesDrawing & Playing:You start round drawing 8 cards. You can play up to 5 cards from your hand to make a valid poker hand.Discards:You can discard up to 5 unwanted cards a limited number of times per round to try and draw better combinations. You cannot both play and discard on the same turn.Scoring MechanicsScores are calculated using a two-part math system:Chips x Mult(Chips are base points from the cards, multiplied by your multiplier).Cards:Base values of played cards add to your Chips.Left-to-Right Order:Scoring resolves from left to right, meaning card placement and the positioning of your Jokers matter significantly for maximizing addition and multiplication.The Shop & EnhancementsAfter beating a blind, you enter theShopto spend money earned from remaining hands. interest, and base income.Jokers:Up to 5 special modifier cards that drastically break rules and boost chips or m",No comments
scoundrel-8 (prototype),Red_Right_Hand_,https://www.lexaloffle.com/bbs/thumbs/pico8_scoundreleight-5.png,[Cart: https://www.lexaloffle.com/bbs/cposts/sc/scoundreleight-5.p8.png],No License,1,"scoundrel-8 (prototype)Red_Right_Hand_•2026-09-08*2026-09-08 02:27*•BBS>PICO-8>CartridgesSubscribe to this Thread(Receive email notifications)Pin To Profilescoundrel-8 (test, please ignore)Cart File|Forum Post|More cartridgesbyRed_Right_Hand_More Cartridges[View All]scoundrel-8 (test, please ignore)byRed_Right_Hand_Cart#scoundreleight-5

								|2026-09-10|Code ▽|Embed ▽|No License1Copy and paste the snippet below into your HTML.Note: This cartridge's settings do not allow embedded playback. A [Play at lexaloffle] link will be included instead.Pixel-artScoundrel. A game prototype serving as a foundation for future dungeon crawlers I plan to create using the same underlying mechanics asScoundrel.rogue-likecard-gamedungeon-crawler1",No comments
Princess Mochi,astropelican,https://www.lexaloffle.com/bbs/thumbs/pico8_princessmochi_a-0.png,[Cart: https://www.lexaloffle.com/bbs/cposts/pr/princessmochi_a-0.p8.png],No License,11,"Princess Mochiastropelican•2026-09-08*2026-09-08 02:17*•BBS>PICO-8>CartridgesSubscribe to this Thread(Receive email notifications)Pin To ProfilePrincess MochiCart File|Forum Post|More cartridgesbyastropelicanMore Cartridges[View All]Princess MochibyastropelicanCart#princessmochi_a-0

								|2026-09-08|Code ▽|Embed ▽|No License11Copy and paste the snippet below into your HTML.Princess Mochi has a jetpack, two pigtails that never quite keep up with her, and a whole town's worth of mochi to carry home before dark.UFOs always flank her in single file, then dive straight into her.[8x8]The pigeons mean well. They fan in, arrange themselves into a very tidy little ring, and shoot at her anyway.[8x8]Fishcakes aren't meanies exactly, they're just happily wiggling through their little ribbon dance, unfortunately right in her way.[8x8]The mech means it rather more. And somewhere past the second town something enormous is waiting, though she'd rather not think about that part just yet.[16x16]Mochi is the whole point.[16x16]Pink mochi makes her gun quicker and her reach longer.  These appear whenever she terminates an enemy fool that gets in her way.[16x16]Cream mochi makes her light on her feet. These appear when she obliterates an entire wave of pigeons, UFOs, or fishcakes.[16x16]Matcha mochi, her favorite, buys hearts, and hearts are the one thing nobody can take back off her; clip a tree or a road sign and everything else goes bouncing merrily away down the road behind you. Embarrassing, but survivable.Two towns, two bosses, and one princess with excellent posture and no intention of slowing down.🤍 Special thanks to thepico8 Discord communityfor their help: freds72 who was instrumental in helping me nail the shadow aesthetic, and@wasdlyfor the mode7 terrain rendering, as well as the #project channel on there for feedback and suggestions.Parens-8Built with parens-8, which is AGPLv3.Full source here.download Windows, Mac, Linux, and Raspberry PI builds fromitch.io.cuteon-r",No comments
Lionfish Hunter 2026,shutch42,https://www.lexaloffle.com/bbs/thumbs/pico8_lionfish_hunter_2026-0.png,[Cart: https://www.lexaloffle.com/bbs/cposts/li/lionfish_hunter_2026-0.p8.png],CC4-BY-NC-SA,4,"Lionfish Hunter 2026shutch42•2026-09-072026-09-07 22:10•BBS>PICO-8>CartridgesSubscribe to this Thread(Receive email notifications)Pin To ProfileLionfish Hunter 2026Cart File|Forum Post|More cartridgesbyshutch42More Cartridges[View All]Lionfish Hunter 2026byshutch42Cart#lionfish_hunter_2026-0

								|2026-09-07|Code ▽|Embed ▽|License:CC4-BY-NC-SA4Copy and paste the snippet below into your HTML.This is my first pico-8 game that isn't a tutorial! It's a little janky, but I'm happy with it.Press x to shoot your speargun, and z to dodge-roll. Spear the lionfish to move onto the next room. Certain fish and objects do damage (the ones you would expect- lionfish, jellyfish, sharks, hooks, etc.). There are seven levels, and you have 5 health points. Make it to the end for some cool boss fights.4",No comments
Kairu,sgchild9,https://www.lexaloffle.com/bbs/thumbs/pico8_gifodedize-0.png,[Cart: https://www.lexaloffle.com/bbs/cposts/gi/gifodedize-0.p8.png],CC4-BY-NC-SA,2,"Kairusgchild9•2026-09-07*2026-09-07 21:06*•BBS>PICO-8>CartridgesSubscribe to this Thread(Receive email notifications)Pin To ProfileKairuCart File|Forum Post|More cartridgesbysgchild9More Cartridges[View All]Kairubysgchild9Cart#gifodedize-0

								|2026-09-07|Code ▽|Embed ▽|License:CC4-BY-NC-SA2Copy and paste the snippet below into your HTML.KairuA strategic territory game inspired by Kulami, made for PICO-8.Place your marbles to claim territory while restricting where your opponent can play next. The board gradually changes as spaces are occupied, creating a game where a move that looks good now can set up — or ruin — your next several turns.Kairu includes:Single-player mode with an easy/hard AI opponentLocal 2-player modeTerritory-based scoringCondensed rules included in cartridge but full ruleset can be found onlineThis started as an experiment to see if I could build a Kulami-inspired game in PICO-8, and gradually turned into a proper little game of its own.Enjoy!pico-8gamestrategyboard-gamepuzzlekulami2",No comments
Plight of the Angel,AlrtCypress,https://www.lexaloffle.com/bbs/thumbs/pico8_flying_bullethell-5.png,[Cart: https://www.lexaloffle.com/bbs/cposts/fl/flying_bullethell-5.p8.png],No License,8,"Plight of the AngelAlrtCypress•2026-09-07*2026-09-07 20:41*•BBS>PICO-8>CartridgesSubscribe to this Thread(Receive email notifications)Pin To ProfilePlight of the AngelCart File|Forum Post|More cartridgesbyAlrtCypressMore Cartridges[View All]Plight of the AngelbyAlrtCypressCart#flying_bullethell-5

								|2026-09-10|Code ▽|Embed ▽|No License8Copy and paste the snippet below into your HTML.Note: This cartridge's settings do not allow embedded playback. A [Play at lexaloffle] link will be included instead.Survive the boss for as long as you can!Controls:Use LEFT, RIGHT, and UP (or X if you're using a controller) to fly around.Press O to dash.Press DOWN to heal (as long as the cooldown is not active.)Tips:the screen wraps around. Use it to dodge attacks if needed.your hitbox is relatively small. It's never too late to squeeze out to safety!there is no cooldown on the dash ability. Just be careful not to dash right into an attack!This game was inspired by late-game Terraria bosses, including the wing-based movement and the bullet hell gameplay.Let me know what you think!Attack Patterns:Red: A cluster of projectiles spawn offscreen, locking onto you then firing.Yellow: 3 small dots spawn around you and quickly accelerate inward.Purple: 6 dots begin to swirl around you, slowly closing in.Green: Bouncing balls fall from the sky from left to right (or vice versa) and bounce back up======Changelog ======1.01 day-one hotfix for controller support. Press X to fly upward.1.02 fixed a bug where X and UP had different flying physics. Adjusted the music and introduced Autoheal1.03 added cover art, updated description to add attack descriptions1.04 added a new alternate song. The music is picked randomly at game startbullet-hell8",No comments
VPOLY,Bastianno,https://www.lexaloffle.com/bbs/thumbs/pico8_zayehafesi-0.png,[Cart: https://www.lexaloffle.com/bbs/cposts/za/zayehafesi-0.p8.png],CC4-BY-NC-SA,4,"VPOLYBastianno•2026-09-072026-09-07 18:04•BBS>PICO-8>CartridgesSubscribe to this Thread(Receive email notifications)Pin To ProfileVPOLYCart File|Forum Post|More cartridgesbyBastiannoMore Cartridges[View All]VPOLYbyBastiannoCart#zayehafesi-0

								|2026-09-07|Code ▽|Embed ▽|License:CC4-BY-NC-SA4Copy and paste the snippet below into your HTML.Function for whoever wants it.Info inside code.4",No comments
Love Me Not,jack_turps,https://www.lexaloffle.com/bbs/thumbs/pico8_love_me_not-5.png,[Cart: https://www.lexaloffle.com/bbs/cposts/lo/love_me_not-5.p8.png],No License,15,"Love Me Notjack_turps•2026-09-07*2026-09-07 14:52*•BBS>PICO-8>CartridgesSubscribe to this Thread(Receive email notifications)Pin To Profilelove_me_notCart File|Forum Post|More cartridgesbyjack_turpsMore Cartridges[View All]love_me_notbyjack_turpsCart#love_me_not-5

								|2026-09-09|Code ▽|Embed ▽|No License15Copy and paste the snippet below into your HTML.Controlsleft/right: spin and driftz/x: floatenter: open the pause menu (toggle clock, etc)Land on your stem to bounce. Escape the cave to win.Shout OutsShout out to Pogostuck for it's torturous movement, Abnormal Grass for its attention to surface normals, and Moss Moss for its depiction of a comfy grotto.Tips and TricksLeaderboards are available in theitch build.platformerprecisionpogo15",No comments
OXO,Alkhan,https://www.lexaloffle.com/bbs/thumbs/pico8_oxoalkhan-0.png,[Cart: https://www.lexaloffle.com/bbs/cposts/ox/oxoalkhan-0.p8.png],CC4-BY-NC-SA,2,"OXOAlkhan•2026-09-072026-09-07 11:25•BBS>PICO-8>CartridgesSubscribe to this Thread(Receive email notifications)Pin To ProfileOXOCart File|Forum Post|More cartridgesbyAlkhanMore Cartridges[View All]OXObyAlkhanCart#oxoalkhan-0

								|2026-09-07|Code ▽|Embed ▽|License:CC4-BY-NC-SA2Copy and paste the snippet below into your HTML.A recreation of OXO (1952) — the earliest known computer game to display visuals on a video monitor.puzzlestrategy2",No comments
snowy mountain animation,semaphore,https://www.lexaloffle.com/bbs/thumbs/pico8_snowy_mountain_anim-3.png,[Cart: https://www.lexaloffle.com/bbs/cposts/sn/snowy_mountain_anim-3.p8.png],CC4-BY-NC-SA,3,"snowy mountain animationsemaphore•2026-09-07*2026-09-07 08:29*•BBS>PICO-8>CartridgesSubscribe to this Thread(Receive email notifications)Pin To Profilesnowy_mountain_animCart File|Forum Post|More cartridgesbysemaphoreMore Cartridges[View All]snowy_mountain_animbysemaphoreCart#snowy_mountain_anim-3

								|2026-09-07|Code ▽|Embed ▽|License:CC4-BY-NC-SA3Copy and paste the snippet below into your HTML.64x64-mode, sprite sketch with some procedural snowartsketchanimation3",No comments
Don't Study Me!,ymellow,https://www.lexaloffle.com/bbs/thumbs/pico8_dont_study_me-0.png,[Cart: https://www.lexaloffle.com/bbs/cposts/do/dont_study_me-0.p8.png],CC4-BY-NC-SA,2,"Don't Study Me!ymellow•2026-09-072026-09-07 01:19•BBS>PICO-8>CartridgesSubscribe to this Thread(Receive email notifications)Pin To ProfileDon't Study Me!Cart File|Forum Post|More cartridgesbyymellowMore Cartridges[View All]Don't Study Me!byymellowCart#dont_study_me-0

								|2026-09-07|Code ▽|Embed ▽|License:CC4-BY-NC-SA2Copy and paste the snippet below into your HTML.2",No comments
beachbirdpanic,lvl99chicken,https://www.lexaloffle.com/bbs/thumbs/pico8_beachbirdpanic-0.png,[Cart: https://www.lexaloffle.com/bbs/cposts/be/beachbirdpanic-0.p8.png],No License,1,"beachbirdpaniclvl99chicken•2026-09-072026-09-07 00:12•BBS>PICO-8>CartridgesSubscribe to this Thread(Receive email notifications)Pin To ProfilebeachbirdpanicCart File|Forum Post|More cartridgesbylvl99chickenMore Cartridges[View All]beachbirdpanicbylvl99chickenCart#beachbirdpanic-0

								|2026-09-07|Code ▽|Embed ▽|No License1Copy and paste the snippet below into your HTML.Note: This cartridge's settings do not allow embedded playback. A [Play at lexaloffle] link will be included instead.1",No comments
Sepsis 1K,Adam Atomic,https://www.lexaloffle.com/bbs/thumbs/pico8_sepsis-0.png,[Cart: https://www.lexaloffle.com/bbs/cposts/se/sepsis-0.p8.png],No License,9,"Sepsis 1KAdam Atomic•2026-09-06*2026-09-06 21:54*•BBS>PICO-8>CartridgesSubscribe to this Thread(Receive email notifications)Pin To ProfileSepsisCart File|Forum Post|More cartridgesbyAdam AtomicMore Cartridges[View All]SepsisbyAdam AtomicCart#sepsis-0

								|2026-09-06|Code ▽|Embed ▽|No License9Copy and paste the snippet below into your HTML.My entry for the 1k jam! Zap stuff, get points, you know the drill. Thanks to my love Bekah for coming up with a great title. Inspired byhttps://www.lexaloffle.com/bbs/?pid=195760#p1023 compressed bytes without the cartridge tags!9",No comments
echoes,unikotoast,https://www.lexaloffle.com/bbs/thumbs/pico8_echoes-0.png,[Cart: https://www.lexaloffle.com/bbs/cposts/ec/echoes-0.p8.png],CC4-BY-NC-SA,4,"echoesunikotoast•2026-09-062026-09-06 19:58•BBS>PICO-8>CartridgesSubscribe to this Thread(Receive email notifications)Pin To ProfileechoesCart File|Forum Post|More cartridgesbyunikotoastMore Cartridges[View All]echoesbyunikotoastCart#echoes-0

								|2026-09-06|Code ▽|Embed ▽|License:CC4-BY-NC-SA4Copy and paste the snippet below into your HTML.1024 bytes game for pico-1k jam 2026← ↑ ↓ → - moveZ - startCollect items and avoid your shadowsplay on itch.io4",No comments
Sumer,Alkhan,https://www.lexaloffle.com/bbs/thumbs/pico8_sumeralkhan-1.png,[Cart: https://www.lexaloffle.com/bbs/cposts/su/sumeralkhan-1.p8.png],CC4-BY-NC-SA,6,"SumerAlkhan•2026-09-06*2026-09-06 10:49*•BBS>PICO-8>CartridgesSubscribe to this Thread(Receive email notifications)Pin To ProfileSumerCart File|Forum Post|More cartridgesbyAlkhanMore Cartridges[View All]SumerbyAlkhanCart#sumeralkhan-1

								|2026-09-06|Code ▽|Embed ▽|License:CC4-BY-NC-SA6Copy and paste the snippet below into your HTML.I made a PICO-8 adaptation of ""The Sumerian Game (1964)"" — one of the earliest computer strategy games, designed by Mabel Addis.retrostrategysimulationresource-managementhistoricalremakeadaptation6",No comments
space shooter,Tserre,https://www.lexaloffle.com/bbs/thumbs/pico8_tserrespaceshooter-1.png,[Cart: https://www.lexaloffle.com/bbs/cposts/ts/tserrespaceshooter-1.p8.png],CC4-BY-NC-SA,1,"space shooterTserre•2026-09-062026-09-06 09:22•BBS>PICO-8>CartridgesSubscribe to this Thread(Receive email notifications)Pin To ProfiletserrespaceshooterCart File|Forum Post|More cartridgesbyTserreMore Cartridges[View All]tserrespaceshooterbyTserreCart#tserrespaceshooter-1

								|2026-09-06|Code ▽|Embed ▽|License:CC4-BY-NC-SA1Copy and paste the snippet below into your HTML.""press ❎ to start""""❎ to shoot""""⬅️⬆️➡️⬇️ to move""shooter1",No comments
Marienbad,Alkhan,https://www.lexaloffle.com/bbs/thumbs/pico8_marienbadalkhan-0.png,[Cart: https://www.lexaloffle.com/bbs/cposts/ma/marienbadalkhan-0.p8.png],CC4-BY-NC-SA,3,"MarienbadAlkhan•2026-09-062026-09-06 07:23•BBS>PICO-8>CartridgesSubscribe to this Thread(Receive email notifications)Pin To ProfileMarienbadCart File|Forum Post|More cartridgesbyAlkhanMore Cartridges[View All]MarienbadbyAlkhanCart#marienbadalkhan-0

								|2026-09-06|Code ▽|Embed ▽|License:CC4-BY-NC-SA3Copy and paste the snippet below into your HTML.A recreation of Marienbad — an early Polish computer game from 1962, based on a variant of Nim.nimpuzzleboard-gameretroclassic3",No comments
Violet Tactics (Deltarune Chapter 5 Cover),squishyam,https://www.lexaloffle.com/bbs/thumbs/pico8_vt_squishyam-0.png,[Cart: https://www.lexaloffle.com/bbs/cposts/vt/vt_squishyam-0.p8.png],No License,9,"Violet Tactics (Deltarune Chapter 5 Cover)squishyam•2026-09-06*2026-09-06 05:57*•BBS>PICO-8>CartridgesSubscribe to this Thread(Receive email notifications)Pin To ProfileViolet Tactics (Deltarune Chapter 5 Cover)Cart File|Forum Post|More cartridgesbysquishyamMore Cartridges[View All]Violet Tactics (Deltarune Chapter 5 Cover)bysquishyamCart#vt_squishyam-0

								|2026-09-06|Code ▽|Embed ▽|No License9Copy and paste the snippet below into your HTML.Note: This cartridge's settings do not allow embedded playback. A [Play at lexaloffle] link will be included instead.Did not expect to spend so long on this.Waveform visualizer by Colin The Newmaker:https://www.lexaloffle.com/bbs/?tid=149602Original track by Toby Fox all rights reserved uhhhhhhhhhhhh yeahmusicdeltarunecover9",No comments
Minesweeper SPECIAL,Benefitssketch,https://www.lexaloffle.com/bbs/thumbs/pico8_minesweeperspecial-4.png,[Cart: https://www.lexaloffle.com/bbs/cposts/mi/minesweeperspecial-4.p8.png],No License,3,"Minesweeper SPECIALBenefitssketch•2026-09-06*2026-09-06 14:27*•BBS>PICO-8>CartridgesSubscribe to this Thread(Receive email notifications)Pin To Profileminesweeper-specialCart File|Forum Post|More cartridgesbyBenefitssketchMore Cartridges[View All]minesweeper-specialbyBenefitssketchCart#minesweeperspecial-4

								|2026-09-06|Code ▽|Embed ▽|No License3Copy and paste the snippet below into your HTML.This is my first foray into development using Pico-8, I enjoyed it a lot!I tried to give the game a couple Easter eggs and oddities, to give it a slightly different flavour from other minesweeper clones.Controls:Arrow Keys - movementC - Reveal a square // ConfirmX - Toggle flagThe mouse controls are as you'd expect.(Player 2's controls are Pico-8's defaults)For the Name menu, you can change letters using the Up and Down keys, and move between character positions using Right and Left.Features:Click on Yeller (the smiley face) in the upper right of the board, he'll give you a hint thatmightbe useful.Full mouse support (besides the versus mode and name selection screen),persistent hi-scores and user-selected names.(I'll leave the Easter eggs a mystery)If you find any notable bugs, please let me know! I very likely missedmany.minesweeperpuzzle3",No comments
dodge1k,davemakes,https://www.lexaloffle.com/bbs/thumbs/pico8_dodge1k-0.png,[Cart: https://www.lexaloffle.com/bbs/cposts/do/dodge1k-0.p8.png],No License,5,"dodge1kdavemakes•2026-09-05*2026-09-05 22:35*•BBS>PICO-8>CartridgesSubscribe to this Thread(Receive email notifications)Pin To Profiledodge1kCart File|Forum Post|More cartridgesbydavemakesMore Cartridges[View All]dodge1kbydavemakesCart#dodge1k-0

								|2026-09-05|Code ▽|Embed ▽|No License5Copy and paste the snippet below into your HTML.Made this in 999 compressed bytes forPICO-1K Jam 2026.Arrow keys move, X and O slow time. Get close to red circles to mine points, but don't get hit!pico1kjam5",No comments
1997 Snake,LevyGames,https://www.lexaloffle.com/bbs/thumbs/pico8_wogedogube-2.png,[Cart: https://www.lexaloffle.com/bbs/cposts/wo/wogedogube-2.p8.png],CC4-BY-NC-SA,6,"1997 SnakeLevyGames•2026-09-052026-09-05 22:19•BBS>PICO-8>CartridgesSubscribe to this Thread(Receive email notifications)Pin To ProfileA recreation of the original 1997 Snake cell phone game. I tried to get as close to the original as I could, right down to the menus. The only addition is adjustable speed settings. For the most authentic experience, Speed 1 closely matches the pace of the original game.I hope you enjoy!1997 Snake 1.1Cart File|Forum Post|More cartridgesbyLevyGamesMore Cartridges[View All]1997 Snake 1.1byLevyGamesCart#wogedogube-2

								|2026-09-05|Code ▽|Embed ▽|License:CC4-BY-NC-SA6Copy and paste the snippet below into your HTML.199797snakearcade6",No comments
Pool 1954,Alkhan,https://www.lexaloffle.com/bbs/thumbs/pico8_poolalkhan-1.png,[Cart: https://www.lexaloffle.com/bbs/cposts/po/poolalkhan-1.p8.png],CC4-BY-NC-SA,2,"Pool 1954Alkhan•2026-09-05*2026-09-05 16:42*•BBS>PICO-8>CartridgesSubscribe to this Thread(Receive email notifications)Pin To ProfilePool 1954Cart File|Forum Post|More cartridgesbyAlkhanMore Cartridges[View All]Pool 1954byAlkhanCart#poolalkhan-1

								|2026-09-05|Code ▽|Embed ▽|License:CC4-BY-NC-SA2Copy and paste the snippet below into your HTML.A recreation of the 1954 Pool game — one of the earliest known video game adaptations of billiards.sportspoolarcadeclassicretro2",No comments
Nova Strike v1.1.4,Supernova3339,https://www.lexaloffle.com/bbs/thumbs/pico8_supersoft_novastrike-7.png,[Cart: https://www.lexaloffle.com/bbs/cposts/su/supersoft_novastrike-7.p8.png],CC4-BY-NC-SA,2,"Nova Strike v1.1.4Supernova3339•2026-09-05*2026-09-05 07:24*•BBS>PICO-8>CartridgesSubscribe to this Thread(Receive email notifications)Pin To ProfileNova Strike v1.1.4Cart File|Forum Post|More cartridgesbySupernova3339More Cartridges[View All]Nova Strike v1.1.4bySupernova3339Cart#supersoft_novastrike-7

								|2026-09-06|Code ▽|Embed ▽|License:CC4-BY-NC-SA2Copy and paste the snippet below into your HTML.Note: This cartridge's settings do not allow embedded playback. A [Play at lexaloffle] link will be included instead.NOVA STRIKE ( v1.1.4 )Typical wave shooter, first attempt at a pico-8 game. Takes some inspiration from Galaxian for AtariNot the best at music, first go in the editor so apologies in advance! You can turn it off in options though :)What YOU Can Do:Shoot stuffGrab power-ups that drop (I have shields even, your welcome)Bombs for mass clearing of enemies (you can get extra from drops)There's a few bosses as Galaxian had a few bossesRoguelike-ish with upgrades every few stages w/shop-rerollsUnlock new ships by playing stages and resume from where you left off for a casual-experience :)Features:Infinite gameplayUI Menu with options, credits, and high scores :DRocketship characterCommunity Feedback/Tips appreciated!Note that I am quite close to my limit even with shrinko8 and do not want this to be a multicart title.ChangelogV1.1.4Balanced the game moreBug fixes w/drifting mechanicFixed possibility for boss health table to overflowV1.1.3Adjusted ship firing to be different as a reward for unlocking themV1.1.2Fixed drifting and speed controlsFixed issue with notifications popping without unlocking new characterV1.1.1Buffed game to make harder over wavesMultiple highscore names instead of just oneChanged options menu to use previous menu navigation systemYou can now delete all of your dataColored in the Pico-8 logo for splashscreenBalanced portions of the game to ensure longer playtimeClears out projectiles and powerups properly after a wave is clearedV1.",No comments
Nim,Alkhan,https://www.lexaloffle.com/bbs/thumbs/pico8_nimalkhan-1.png,[Cart: https://www.lexaloffle.com/bbs/cposts/ni/nimalkhan-1.p8.png],CC4-BY-NC-SA,4,"NimAlkhan•2026-09-05*2026-09-05 05:59*•BBS>PICO-8>CartridgesSubscribe to this Thread(Receive email notifications)Pin To ProfileNimCart File|Forum Post|More cartridgesbyAlkhanMore Cartridges[View All]NimbyAlkhanCart#nimalkhan-1

								|2026-09-06|Code ▽|Embed ▽|License:CC4-BY-NC-SA4Copy and paste the snippet below into your HTML.Ancient strategy game of taking objects from rows.puzzle4",No comments
Frog Click Rouge,Team_Metroit,https://www.lexaloffle.com/bbs/thumbs/pico8_frogclickrouge-0.png,[Cart: https://www.lexaloffle.com/bbs/cposts/fr/frogclickrouge-0.p8.png],No License,2,"Frog Click RougeTeam_Metroit•2026-09-05*2026-09-05 01:19*•BBS>PICO-8>CartridgesSubscribe to this Thread(Receive email notifications)Pin To ProfileFrog Click RougeCart File|Forum Post|More cartridgesbyTeam_MetroitMore Cartridges[View All]Frog Click RougebyTeam_MetroitCart#frogclickrouge-0

								|2026-09-05|Code ▽|Embed ▽|No License2Copy and paste the snippet below into your HTML.Note: This cartridge's settings do not allow embedded playback. A [Play at lexaloffle] link will be included instead.HI new update to my gamegamefrogrougelike2",No comments
Palace 2.0,rozaporx,https://www.lexaloffle.com/bbs/thumbs/pico8_rozaporx-1.png,[Cart: https://www.lexaloffle.com/bbs/cposts/ro/rozaporx-1.p8.png],No License,2,"Palace 2.0rozaporx•2026-09-05*2026-09-05 00:21*•BBS>PICO-8>CartridgesSubscribe to this Thread(Receive email notifications)Pin To ProfilePalace 2.0Cart File|Forum Post|More cartridgesbyrozaporxMore Cartridges[View All]Palace 2.0byrozaporxCart#rozaporx-1

								|2026-09-05|Code ▽|Embed ▽|No License2Copy and paste the snippet below into your HTML.Setup & Table Layout Face-Down Palace: Deal 3 cards face-down in a row in front of each player. These remain secretuntil the end of the game. Face-Up Palace: Deal 3 cards face-up, directly on top of each face-down card. In-Hand Cards: Deal 6 cards face-down to each player to form their initial hand. Draw Pile: Place the remaining deck face-down in the center of the table. Leave space next to it forthe discard pile. The Swap Phase: Before play begins, each player may swap cards between their 6 hand cards andtheir 3 face-up Palace cards. Use this phase to put your strongest cards (e.g., 2s, 10s, Aces) into yourface-up Palace.LAYOUT TIP: Your Palace consists of 3 hidden face-down cards with 3 visible face-up cards resting on top of them.You cannot play these until the central draw pile is exhausted and your hand is completely empty.Special & Power CardsPower cards break standard rank progression and give tactical advantages:Card Role Special Effect & Rules2 Reset Card Resets the play pile value to zero.Can be played on TOP of any card,and ANY card can be played on topof a 2.10 Burn Card Immediately clears (burns) the entirediscard pile from the game. Theplayer takes an immediate extraturn.4-of-a-Kind Automatic Burn Playing four cards of the same rankconsecutively (or stacking 4 at once)instantly burns the pile and grants anextra turn.Gameplay Loop• Playing Cards: On your turn, play a card that is equal to or higher in rank than the top card on thediscard pile. You may play multiple cards of the same rank together (e.g., two 8s or three 5s).• Drawing Cards: As long as cards remain in the central draw pile, you must always",No comments
Draughts,Alkhan,https://www.lexaloffle.com/bbs/thumbs/pico8_draughtsalkhan-4.png,[Cart: https://www.lexaloffle.com/bbs/cposts/dr/draughtsalkhan-4.p8.png],CC4-BY-NC-SA,5,"DraughtsAlkhan•2026-09-04*2026-09-04 16:23*•BBS>PICO-8>CartridgesSubscribe to this Thread(Receive email notifications)Pin To ProfileDraughtsCart File|Forum Post|More cartridgesbyAlkhanMore Cartridges[View All]DraughtsbyAlkhanCart#draughtsalkhan-4

								|2026-09-07|Code ▽|Embed ▽|License:CC4-BY-NC-SA5Copy and paste the snippet below into your HTML.A classic game of English draughts, also known as American checkers — simple to learn, but built around surprisingly deep strategy.board5",No comments
D&D Fifth Edition Armor Piece Calculator,sirdoodle16,https://www.lexaloffle.com/bbs/thumbs/pico8_dndsplitac-0.png,[Cart: https://www.lexaloffle.com/bbs/cposts/dn/dndsplitac-0.p8.png],No License,1,"D&D Fifth Edition Armor Piece Calculatorsirdoodle16•2026-09-04*2026-09-04 15:38*•BBS>PICO-8>CartridgesSubscribe to this Thread(Receive email notifications)Pin To ProfiledndsplitacCart File|Forum Post|More cartridgesbysirdoodle16More Cartridges[View All]dndsplitacbysirdoodle16Cart#dndsplitac-0

								|2026-09-04|Code ▽|Embed ▽|No License1Copy and paste the snippet below into your HTML.Note: This cartridge's settings do not allow embedded playback. A [Play at lexaloffle] link will be included instead.This is a simple calculator for a rule to have armor sets split into 3 different slots for D&D Fifth Edition. Extra rules are as follows, as well as the formula used below.STR requirements to wear armors still apply, with the required number being decreased by 1 for each missing piece of armor from the full set. Extra features such as stealth disadvantage or adding DEX bonus only apply if 2 out of your 3 armor slots have armors that use that feature. If you are wearing one piece of armor with an uncapped DEX bonus, and one with DEX bonus capped at +2, your DEX bonus will be capped at +2.Armor that is enchanted to be +1/+2/+3 can vary in where it is enchanted. If an entire set is enchanted, then the bonus from the enchantment is applied only to the Set Bonus category, and does not happen without wearing the full armor set. If a specific piece of armor is enchanted however, the bonus only applies when wearing that specific piece of armor. When wearing multiple pieces of enchanted armor from different sets, only the higher bonus applies, with the other being nullified. If two pieces of enchanted armor are from the same set, the bonuses stack.The formula explained:In order to calculate how much AC each individual piece grants, you must first determine an armor's AC “score”. The score can be found by taking the base AC of the armor, and subtracting 10 from it. The score does not include extra bonuses such as DEX modifier for leather armor, or the +1/+2/+3 from enchanted ar",No comments
PATCH-MON,shulgee,https://www.lexaloffle.com/bbs/thumbs/pico8_sefepazajo-3.png,[Cart: https://www.lexaloffle.com/bbs/cposts/se/sefepazajo-3.p8.png],CC4-BY-NC-SA,2,"PATCH-MONshulgee•2026-09-04*2026-09-04 13:03*•BBS>PICO-8>CartridgesSubscribe to this Thread(Receive email notifications)Pin To ProfilePatch-Mon v0.75Cart File|Forum Post|More cartridgesbyshulgeeMore Cartridges[View All]Patch-Mon v0.75byshulgeeCart#sefepazajo-3

								|2021-02-19|Code ▽|Embed ▽|License:CC4-BY-NC-SA2Copy and paste the snippet below into your HTML.2",No comments
earthmoon,pixel_from_earth,https://www.lexaloffle.com/bbs/thumbs/pico8_earthmoon092-0.png,[Cart: https://www.lexaloffle.com/bbs/cposts/ea/earthmoon092-0.p8.png],CC4-BY-NC-SA,7,"earthmoonpixel_from_earth•2026-09-04*2026-09-04 13:10*•BBS>PICO-8>CartridgesSubscribe to this Thread(Receive email notifications)Pin To Profileearthmoon092Cart File|Forum Post|More cartridgesbypixel_from_earthMore Cartridges[View All]earthmoon092bypixel_from_earthCart#earthmoon092-0

								|2026-09-08|Code ▽|Embed ▽|License:CC4-BY-NC-SA7Copy and paste the snippet below into your HTML.Note: This cartridge's settings do not allow embedded playback. A [Play at lexaloffle] link will be included instead.The GameTurn-based science fiction game. Build space ships to explore Mercury, Mars, and other worlds to gather data about their resources. Your research facility develops new spacecraft to colonize these worlds. Dispatch vessels to asteroids to collect small amounts of resources, and expand by building stations on explored worlds until you reach the farthest edges of our solar system.ControlsUse the arrow keys to move the green cursor and press X to select options.For the date icon: Press to advance one turn, or hold to speed up - though the game will pause automatically if an event occurs.Use the first icon to return to The Moon base. The second icon lets you switch to bases on other worlds - if you’ve built any.I’m not sure how much of the game to explain - some players might prefer to discover things on their own. But if you’d like more hints, I will add them here.DevelopmentInspired by old Amiga classics like Millennium 2.2 and Deuteros, I programmed until PICO-8 memory ran out. The game now includes planets and moons, stations and spaceships, and even a short intro and an ending sequence. Due to memory contraints, missions are limited and straightforward - no enemies or combat here. Balancing was tricky, and creating music, sound effects, and pixel art was new to me.Even so, experimenting with PICO-8 is a lot of fun, and I’m still working on improvements.Version History0.9.2 - solved bug: wrong resource index when mars was colonized before mercury; removed the """,No comments
PICO-RAMBLE,shulgee,https://www.lexaloffle.com/bbs/thumbs/pico8_picoramble-0.png,[Cart: https://www.lexaloffle.com/bbs/cposts/pi/picoramble-0.p8.png],CC4-BY-NC-SA,8,"PICO-RAMBLEshulgee•2026-09-04*2026-09-04 12:45*•BBS>PICO-8>CartridgesSubscribe to this Thread(Receive email notifications)Pin To ProfilepicorambleCart File|Forum Post|More cartridgesbyshulgeeMore Cartridges[View All]picoramblebyshulgeeCart#picoramble-0

								|2026-09-04|Code ▽|Embed ▽|License:CC4-BY-NC-SA8Copy and paste the snippet below into your HTML.8",No comments
Chess,Alkhan,https://www.lexaloffle.com/bbs/thumbs/pico8_chessalkhan-0.png,[Cart: https://www.lexaloffle.com/bbs/cposts/ch/chessalkhan-0.p8.png],CC4-BY-NC-SA,4,"ChessAlkhan•2026-09-04*2026-09-04 10:50*•BBS>PICO-8>CartridgesSubscribe to this Thread(Receive email notifications)Pin To ProfileChessCart File|Forum Post|More cartridgesbyAlkhanMore Cartridges[View All]ChessbyAlkhanCart#chessalkhan-0

								|2026-09-04|Code ▽|Embed ▽|License:CC4-BY-NC-SA4Copy and paste the snippet below into your HTML.Chess — one of the oldest and greatest games ever created.board4",No comments
7-Eleven Rush,bredslicer,https://www.lexaloffle.com/bbs/thumbs/pico8_seven_eleven_rush-0.png,[Cart: https://www.lexaloffle.com/bbs/cposts/se/seven_eleven_rush-0.p8.png],No License,6,"7-Eleven Rushbredslicer•2026-09-042026-09-04 01:34•BBS>PICO-8>CartridgesSubscribe to this Thread(Receive email notifications)Pin To Profile7-Eleven RushCart File|Forum Post|More cartridgesbybredslicerMore Cartridges[View All]7-Eleven RushbybredslicerCart#seven_eleven_rush-0

								|2026-09-04|Code ▽|Embed ▽|No License6Copy and paste the snippet below into your HTML.Note: This cartridge's settings do not allow embedded playback. A [Play at lexaloffle] link will be included instead.A game inspired by various 7-elevens across Asia.CONTROLSTo move the cart, use the LEFT and RIGHT Arrow Keys. To dash (once unlocked), press X.RULESGet the highest score you can by collecting as many soda cans as possible. Once the cart is full (10 sodas out of 10), you must check out at the cash register on the right side of the screen. You have 4 total misses allowed before the game is over.Game created by Cliff6",No comments
The Great Historical Regatta,barnabewild,https://www.lexaloffle.com/bbs/thumbs/pico8_sunomata-0.png,[Cart: https://www.lexaloffle.com/bbs/cposts/su/sunomata-0.p8.png],No License,2,"The Great Historical Regattabarnabewild•2026-09-03*2026-09-03 23:54*•BBS>PICO-8>CartridgesSubscribe to this Thread(Receive email notifications)Pin To ProfilesunomataCart File|Forum Post|More cartridgesbybarnabewildMore Cartridges[View All]sunomatabybarnabewildCart#sunomata-0

								|2026-09-03|Code ▽|Embed ▽|No License2Copy and paste the snippet below into your HTML.Note: This cartridge's settings do not allow embedded playback. A [Play at lexaloffle] link will be included instead.historical boat racers, but history didn't fit in 1024 bytes.for the 1kb PICO-1K Jam 2026!You the player, aboard the Wayfarer.Hideyoshi Toyotomi, aboard the Sunomata.Why does Hideyoshi have a speedboat? Don't worry about it.Keyboard controls:Left / Right — SteerUp — AccelerateX — Boost. Be careful, you only have one!itch project page:https://barnabe-wild.itch.io/the-great-historical-regattaboatrace1kb2",No comments
Shark escape,Lair_of_Mice,https://www.lexaloffle.com/bbs/thumbs/pico8_shhhark-2.png,[Cart: https://www.lexaloffle.com/bbs/cposts/sh/shhhark-2.p8.png],CC4-BY-NC-SA,3,"Shark escapeLair_of_Mice•2026-09-03*2026-09-03 18:42*•BBS>PICO-8>CartridgesSubscribe to this Thread(Receive email notifications)Pin To ProfileShark escapeCart File|Forum Post|More cartridgesbyLair_of_MiceMore Cartridges[View All]Shark escapebyLair_of_MiceCart#shhhark-2

								|2026-09-07|Code ▽|Embed ▽|License:CC4-BY-NC-SA3Copy and paste the snippet below into your HTML.3",No comments
Tic Tac Toe,Alkhan,https://www.lexaloffle.com/bbs/thumbs/pico8_tictactoealkhan-2.png,[Cart: https://www.lexaloffle.com/bbs/cposts/ti/tictactoealkhan-2.p8.png],CC4-BY-NC-SA,3,"Tic Tac ToeAlkhan•2026-09-03*2026-09-03 06:11*•BBS>PICO-8>CartridgesSubscribe to this Thread(Receive email notifications)Pin To ProfileTic Tac ToeCart File|Forum Post|More cartridgesbyAlkhanMore Cartridges[View All]Tic Tac ToebyAlkhanCart#tictactoealkhan-2

								|2026-09-03|Code ▽|Embed ▽|License:CC4-BY-NC-SA3Copy and paste the snippet below into your HTML.A simple game of Tic-Tac-Toe made as a small tribute to Bertie the Brain, one of the earliest known video games.arcadepuzzle3",No comments
picosaurrunner,gogbone,https://www.lexaloffle.com/bbs/thumbs/pico8_picosaurrunner-0.png,[Cart: https://www.lexaloffle.com/bbs/cposts/pi/picosaurrunner-0.p8.png],CC4-BY-NC-SA,3,"picosaurrunnergogbone•2026-09-022026-09-02 23:22•BBS>PICO-8>CartridgesSubscribe to this Thread(Receive email notifications)Pin To ProfilepicosaurrunnerCart File|Forum Post|More cartridgesbygogboneMore Cartridges[View All]picosaurrunnerbygogboneCart#picosaurrunner-0

								|2026-09-02|Code ▽|Embed ▽|License:CC4-BY-NC-SA3Copy and paste the snippet below into your HTML.second game! even though I'm a firefox truther I thought it would be good to remake the chrome dinosaur game just for learning :) I'm really happy with the sprites I did for this!dinosaurdinodinosaurgamechrome3",No comments
PONG,Alkhan,https://www.lexaloffle.com/bbs/thumbs/pico8_pongalkhan-0.png,[Cart: https://www.lexaloffle.com/bbs/cposts/po/pongalkhan-0.p8.png],CC4-BY-NC-SA,4,"PONGAlkhan•2026-09-02*2026-09-02 14:18*•BBS>PICO-8>CartridgesSubscribe to this Thread(Receive email notifications)Pin To ProfilePongCart File|Forum Post|More cartridgesbyAlkhanMore Cartridges[View All]PongbyAlkhanCart#pongalkhan-0

								|2026-09-02|Code ▽|Embed ▽|License:CC4-BY-NC-SA4Copy and paste the snippet below into your HTML.I recreated Pong, but decided to add a bit more color and juice to the original formula.pongarcadesports4",No comments
4most crewm8,pytonvrazditel,https://www.lexaloffle.com/bbs/thumbs/pico8_mostcrewm-0.png,[Cart: https://www.lexaloffle.com/bbs/cposts/mo/mostcrewm-0.p8.png],CC4-BY-NC-SA,1,"4most crewm8pytonvrazditel•2026-09-022026-09-02 06:56•BBS>PICO-8>CartridgesSubscribe to this Thread(Receive email notifications)Pin To Profile4most crewm8Cart File|Forum Post|More cartridgesbypytonvrazditelMore Cartridges[View All]4most crewm8bypytonvrazditelCart#mostcrewm-0

								|2026-09-02|Code ▽|Embed ▽|License:CC4-BY-NC-SA1Copy and paste the snippet below into your HTML.1",No comments
breakout_pico,rainbow_tv,https://www.lexaloffle.com/bbs/thumbs/pico8_breakout_pico-1.png,[Cart: https://www.lexaloffle.com/bbs/cposts/br/breakout_pico-1.p8.png],CC4-BY-NC-SA,1,"breakout_picorainbow_tv•2026-09-01*2026-09-01 23:05*•BBS>PICO-8>CartridgesSubscribe to this Thread(Receive email notifications)Pin To Profilebreakout_picoCart File|Forum Post|More cartridgesbyrainbow_tvMore Cartridges[View All]breakout_picobyrainbow_tvCart#breakout_pico-1

								|2026-09-01|Code ▽|Embed ▽|License:CC4-BY-NC-SA1Copy and paste the snippet below into your HTML.breakout_picobyrainbow_tvCart#breakout_pico-0

								|2026-09-01|Code ▽|Embed ▽|License:CC4-BY-NC-SA1Copy and paste the snippet below into your HTML.my new game whit no demons :D1",No comments
basic3drenderer2,Jabz,https://www.lexaloffle.com/bbs/thumbs/pico8_basic3drenderer2-2.png,[Cart: https://www.lexaloffle.com/bbs/cposts/ba/basic3drenderer2-2.p8.png],No License,12,"basic3drenderer2Jabz•2026-09-01*2026-09-01 07:42*•BBS>PICO-8>CartridgesSubscribe to this Thread(Receive email notifications)Pin To Profilebasic3drenderer2Cart File|Forum Post|More cartridgesbyJabzMore Cartridges[View All]basic3drenderer2byJabzCart#basic3drenderer2-2

								|2026-09-01|Code ▽|Embed ▽|No License12Copy and paste the snippet below into your HTML.Note: This cartridge's settings do not allow embedded playback. A [Play at lexaloffle] link will be included instead.This project has mainly been to learn more about 3D rendering and for fun. Feel free to critique or mess with the code if you want.Controls:First person camera:(←)/(→) moves camera side to side(↑)/(↓) moves camera backwards and forwardsMouse input for camera direction e.g. pitch,yawRender Settings:'x' turns ground shadown casting on/off'c' turns obj-to-obj occlusion on/off'm' turns 'wireframe' on/off12",No comments
Hop Climber,illugion,https://www.lexaloffle.com/bbs/thumbs/pico8_hop_climber-0.png,[Cart: https://www.lexaloffle.com/bbs/cposts/ho/hop_climber-0.p8.png],No License,9,"Hop Climberillugion•2026-09-01*2026-09-01 05:42*•BBS>PICO-8>CartridgesSubscribe to this Thread(Receive email notifications)Pin To Profilehop_climberCart File|Forum Post|More cartridgesbyillugionMore Cartridges[View All]hop_climberbyillugionCart#hop_climber-0

								|2026-09-01|Code ▽|Embed ▽|No License9Copy and paste the snippet below into your HTML.Hop ClimberTiny arcade experience: hop up to the top while racking points!Longer hops = higher scoresPC Controls:Z - Quick tap to Hop (don't hold!)X - BackArrows - MoveTips:While holding Z you can't grab walls, so do quick taps!Don't be afraid of falling, climb to the very edge before jumping.You only let go of the wall when you press Z.For higher scores, try dropping from a high altitude. Hold Z to pass through walls!arcadeclimbingscore9",No comments
TetriSuika,bontempi,https://www.lexaloffle.com/bbs/thumbs/pico8_fyusisnu-0.png,[Cart: https://www.lexaloffle.com/bbs/cposts/fy/fyusisnu-0.p8.png],No License,5,"TetriSuikabontempi•2026-08-31*2026-08-31 20:38*•BBS>PICO-8>CartridgesSubscribe to this Thread(Receive email notifications)Pin To ProfilefyusisnuCart File|Forum Post|More cartridgesbybontempiMore Cartridges[View All]fyusisnubybontempiCart#fyusisnu-0

								|2026-09-02|Code ▽|Embed ▽|No License5Copy and paste the snippet below into your HTML.Note: This cartridge's settings do not allow embedded playback. A [Play at lexaloffle] link will be included instead.Hi !This is my first game ever : a cross between Tetris and Suika Game !Merge two blocks of the same color to create a new one. Merge two green blocks to make them disappear !It's still in development, so feedback is welcome. The music is just a basic loop, don't bother with it yet.If you're not familiar with Suika Game, you can play it here :https://www.lexaloffle.com/bbs/?pid=136042#ptetrissuikapuzzlecrossover5",No comments
You Brought a Gun to a Laser Fight,dredds,https://www.lexaloffle.com/bbs/thumbs/pico8_gun_to_a_laser_fight-1.png,[Cart: https://www.lexaloffle.com/bbs/cposts/gu/gun_to_a_laser_fight-1.p8.png],No License,9,"You Brought a Gun to a Laser Fightdredds•2026-08-31*2026-08-31 10:38*•BBS>PICO-8>CartridgesSubscribe to this Thread(Receive email notifications)Pin To Profilegun_to_a_laser_fightCart File|Forum Post|More cartridgesbydreddsMore Cartridges[View All]gun_to_a_laser_fightbydreddsCart#gun_to_a_laser_fight-1

								|2026-09-02|Code ▽|Embed ▽|No License9Copy and paste the snippet below into your HTML.Note: This cartridge's settings do not allow embedded playback. A [Play at lexaloffle] link will be included instead.A fast paced, 1980s-style ""laser-hell"" shmup.This was written for lowrezJAM, and so uses 64x64 pixel resolution.Detailed instructions (including a printable instruction booklet) on the game's itch.io page:https://dredds.itch.io/you-brought-a-gun-to-a-laser-fightTitle music by ridgekhttps://ridgek.itch.io/20th-century-ops.64x64shmuplowrezjam9",No comments
Eye for an eye!,Alexander_fa,https://www.lexaloffle.com/bbs/thumbs/pico8_eyeforaneye-0.png,[Cart: https://www.lexaloffle.com/bbs/cposts/ey/eyeforaneye-0.p8.png],CC4-BY-NC-SA,8,"Eye for an eye!Alexander_fa•2026-08-30*2026-08-30 11:36*•BBS>PICO-8>CartridgesSubscribe to this Thread(Receive email notifications)Pin To ProfileeyeforaneyeCart File|Forum Post|More cartridgesbyAlexander_faMore Cartridges[View All]eyeforaneyebyAlexander_faCart#eyeforaneye-0

								|2026-08-30|Code ▽|Embed ▽|License:CC4-BY-NC-SA8Copy and paste the snippet below into your HTML.Eye for an eye!Your goal is to shoot the eyes falling from above, while upgrading your cannon!Controls:Shoot = XAngle = Arrow keysshooterroguelike8",No comments
The mysterious maze,Mochi890,https://www.lexaloffle.com/bbs/thumbs/pico8_pusudidate-1.png,[Cart: https://www.lexaloffle.com/bbs/cposts/pu/pusudidate-1.p8.png],No License,1,"The mysterious mazeMochi890•2026-08-30*2026-08-30 08:30*•BBS>PICO-8>CartridgesSubscribe to this Thread(Receive email notifications)Pin To ProfileThe mysterious mazeCart File|Forum Post|More cartridgesbyMochi890More Cartridges[View All]The mysterious mazebyMochi890Cart#pusudidate-1

								|2026-09-10|Code ▽|Embed ▽|No License1Copy and paste the snippet below into your HTML.1",No comments
Kitchen Matchen 3 [Match3 Puzzle],shiftalow,https://www.lexaloffle.com/bbs/thumbs/pico8_kitchenmatchen3_1-5.png,[Cart: https://www.lexaloffle.com/bbs/cposts/ki/kitchenmatchen3_1-5.p8.png],No License,18,"Kitchen Matchen 3 [Match3 Puzzle]shiftalow•2026-08-30*2026-08-30 14:43*•BBS>PICO-8>CartridgesSubscribe to this Thread(Receive email notifications)Pin To Profilekitchenmatchen3_1Cart File|Forum Post|More cartridgesbyshiftalowMore Cartridges[View All]kitchenmatchen3_1byshiftalowCart#kitchenmatchen3_1-5

								|2026-09-09|Code ▽|Embed ▽|No License18Copy and paste the snippet below into your HTML.Note: This cartridge's settings do not allow embedded playback. A [Play at lexaloffle] link will be included instead.EnglishFeatures★ A cooking puzzle game featuring cute chefs!★ Control the cooking chopsticks to line up and match three identical blocks!★ Matched blocks turn into cooking ingredients—try to make as many matches as you can!★ Once the cooking time is up, the dish is complete! It’s a surprise to see what you’ll make! 🎁Controls (PC/Mouse)Left-click: Confirm, select, etc.Left-drag: Scroll screen, slide blocks, activate ✨️Special Move Block✨️(ワザブロック), etc.Left double-click: Activate ✨️Special Move Block✨️(ワザブロック)F1 Key: ScreenshotF3 Key:StartGIF captureF4 Key:ExportGIF captureRight-click: ?Middle-drag: ?◯ button: ?✕ button: ?This game is playable on smartphones, though you may not be able to view descriptions that appear on mouse-over. In that case, please enjoy the game in ⏹️full-screen mode.It's all in Japanese, so if you want to know the meaning of any words in the game, please let us know.🙏StoryOh my...! It looks like there isn't a single dish in this world yet.Well then, let us whip up something special for you!Wait a minute... it looks like I forgot my recipe notebook... 💦Maybe playing the puzzle will help me remember!MenuPuzzle[パズル]Start a match-3 puzzle!Completing the puzzle finishes the dish.Your dishes are recorded in the recipe notebook.Recipes[レシピ]View recipes for the dishes you've completed.For incomplete recipes, you can see a small hint about the ingredients.Records[きろく]Check your game history.To start over from the beginning, use the scissors at th",No comments
rainbow_edwin,Lyrdl,https://www.lexaloffle.com/bbs/thumbs/pico8_rainbow_edwin-15.png,[Cart: https://www.lexaloffle.com/bbs/cposts/ra/rainbow_edwin-15.p8.png],CC4-BY-NC-SA,2,"rainbow_edwinLyrdl•2026-08-30*2026-08-30 05:45*•BBS>PICO-8>CartridgesSubscribe to this Thread(Receive email notifications)Pin To Profilerainbow_edwinCart File|Forum Post|More cartridgesbyLyrdlMore Cartridges[View All]rainbow_edwinbyLyrdlCart#rainbow_edwin-15

								|2026-09-09|Code ▽|Embed ▽|License:CC4-BY-NC-SA2Copy and paste the snippet below into your HTML.Pick a picture, paint it in. Press X to dash.2",No comments
Missile in a Mineshaft,LoveDan,https://www.lexaloffle.com/bbs/thumbs/pico8_missile_in_a_mineshaft-1.png,[Cart: https://www.lexaloffle.com/bbs/cposts/mi/missile_in_a_mineshaft-1.p8.png],CC4-BY-NC-SA,25,"Missile in a MineshaftLoveDan•2026-08-30*2026-08-30 05:14*•BBS>PICO-8>CartridgesSubscribe to this Thread(Receive email notifications)Pin To ProfileAllow me to present my first complete Pico8 project. After six years of experiments I've finally worked on a project to completion. It's a Roguelite version of the old 'rocket drops down a tunnel' game from the 1980s. Smash into the wall and claim ore. Smelt new missile components. Upgrade your steering, explosive yield and braking ability. Go deeper and deeper claiming rarer and rarer resources in your mission to shatter the entire planet.This has been tested on various gamers who all enjoyed it very much. I personally enjoyed several hours both playing and fine tuning the balance. Enjoy it for fifteen minutes or commit to half a dozen prestige levels. The sky is (ironically) the limit.EDIT: Autosaving has been added and occurs upon each launch.missile_in_a_mineshaftCart File|Forum Post|More cartridgesbyLoveDanMore Cartridges[View All]missile_in_a_mineshaftbyLoveDanCart#missile_in_a_mineshaft-1

								|2026-09-03|Code ▽|Embed ▽|License:CC4-BY-NC-SA25Copy and paste the snippet below into your HTML.No Gen AI used.roguelitegame25",No comments
FlappyPico,filipeversehgi,https://www.lexaloffle.com/bbs/thumbs/pico8_yatubikede-0.png,[Cart: https://www.lexaloffle.com/bbs/cposts/ya/yatubikede-0.p8.png],No License,2,"FlappyPicofilipeversehgi•2026-08-29*2026-08-29 19:30*•BBS>PICO-8>CartridgesSubscribe to this Thread(Receive email notifications)Pin To ProfileyatubikedeCart File|Forum Post|More cartridgesbyfilipeversehgiMore Cartridges[View All]yatubikedebyfilipeversehgiCart#yatubikede-0

								|2026-08-29|Code ▽|Embed ▽|No License2Copy and paste the snippet below into your HTML.This is my first Pico8 game that I did by myself, without following any tutorials!2",No comments
mandelbrot_v2,Jenques,https://www.lexaloffle.com/bbs/thumbs/pico8_mandelbrot_v2-5.png,[Cart: https://www.lexaloffle.com/bbs/cposts/ma/mandelbrot_v2-5.p8.png],CC4-BY-NC-SA,4,"mandelbrot_v2Jenques•2026-08-29*2026-08-29 15:01*•BBS>PICO-8>CartridgesSubscribe to this Thread(Receive email notifications)Pin To Profilemandelbrot_v2Cart File|Forum Post|More cartridgesbyJenquesMore Cartridges[View All]mandelbrot_v2byJenquesCart#mandelbrot_v2-5

								|2026-09-09|Code ▽|Embed ▽|License:CC4-BY-NC-SA4Copy and paste the snippet below into your HTML.The Mandelbrot setThis is a plot of the number of recursions it takes for a point (on a complex plane) to either form a cycle or fly off to infinity.Pico-8 has a limit on the precision of numbers so you can only zoom in so much. Technically speaking though there is an infinite amount to explore.Controls:Use your arrows to pan around and circle and cross to zoom.Colour Palette:To change the colour palette, open the pause menu with P or ENTER, and cycle through the options with your arrow keys. Press enter, P, circle or cross to close.Recursion Limit and Exponent:These values can be tweaked in menu like the colour palette to your liking.A higher recursion limit allows you to see finer detail in the fractal at the expense of performance.The exponent is purely for aesthetics, and allows you to change how the colours are rendered. (This may need some tweaking and changes)Version 2.4 change log and a note on higher precision:Hidden colours added to improve colour gradients.Added colour invert setting.Improved gradient calculation. (Further improvements needed, suggestions welcome)On higher precision:I vibe coded an experiment with combining variables to improve precision, however the functions impact performance a lot, so there's little point in publishing it. Though I would have to implement it by hand in order to publish, at this stage I don't think it's worth it. Let me know your thoughts on if it can be done efficiently or if you'd like to see it anyway.Version 2.3 change log and future plans:Optimised performance by refactoring code, removing expensive maths calls, localising variables and streamlining",No comments
Lab Escape,Snuznups,https://www.lexaloffle.com/bbs/thumbs/pico8_lab_escape-0.png,[Cart: https://www.lexaloffle.com/bbs/cposts/la/lab_escape-0.p8.png],CC4-BY-NC-SA,8,"Lab EscapeSnuznups•2026-08-29*2026-08-29 03:27*•BBS>PICO-8>CartridgesSubscribe to this Thread(Receive email notifications)Pin To Profilelab_escapeCart File|Forum Post|More cartridgesbySnuznupsMore Cartridges[View All]lab_escapebySnuznupsCart#lab_escape-0

								|2026-08-29|Code ▽|Embed ▽|License:CC4-BY-NC-SA8Copy and paste the snippet below into your HTML.Note: This cartridge's settings do not allow embedded playback. A [Play at lexaloffle] link will be included instead.This is my first game! I wanted to learn how to make a game on Pico-8 before I moved to a more powerful engine. I figured this would be a good test.The game is based of Metroid. No enemies, just exploring the map and finding upgrades.Feedback is greatly appreciated. I made it over a few evenings after work. I haven't coded in years, so it's not very compact and probably horribly inefficient. That being said, I'm still quite happy with it. I had a ton of fun with the map. It was a fun process drawing it out on paper and making it on the computer.It's also the first time I've ever made any sort of music or worked on pixel art, so there's plenty of room to improve.Not sure if I'll make any more Pico-8 games, or move on to something else (or do both).v1.1(changed some pipes in the background and extended a rail to make it less annoying)metroidvania8",No comments
Pushy Penguins,Somnolence22,https://www.lexaloffle.com/bbs/thumbs/pico8_pushypenguins-1.png,[Cart: https://www.lexaloffle.com/bbs/cposts/pu/pushypenguins-1.p8.png],No License,3,"Pushy PenguinsSomnolence22•2026-08-282026-08-28 13:55•BBS>PICO-8>CartridgesSubscribe to this Thread(Receive email notifications)Pin To ProfilepushypenguinsCart File|Forum Post|More cartridgesbySomnolence22More Cartridges[View All]pushypenguinsbySomnolence22Cart#pushypenguins-1

								|2026-08-28|Code ▽|Embed ▽|No License3Copy and paste the snippet below into your HTML.Note: This cartridge's settings do not allow embedded playback. A [Play at lexaloffle] link will be included instead.3",No comments
Spellshot,Somnolence22,https://www.lexaloffle.com/bbs/thumbs/pico8_spellshot-1.png,[Cart: https://www.lexaloffle.com/bbs/cposts/sp/spellshot-1.p8.png],No License,5,"SpellshotSomnolence22•2026-08-28*2026-08-28 13:48*•BBS>PICO-8>CartridgesSubscribe to this Thread(Receive email notifications)Pin To ProfileSpellshotCart File|Forum Post|More cartridgesbySomnolence22More Cartridges[View All]SpellshotbySomnolence22Cart#spellshot-1

								|2026-08-29|Code ▽|Embed ▽|No License5Copy and paste the snippet below into your HTML.Note: This cartridge's settings do not allow embedded playback. A [Play at lexaloffle] link will be included instead.5",No comments
flappingbird,gogbone,https://www.lexaloffle.com/bbs/thumbs/pico8_flappingbird-2.png,[Cart: https://www.lexaloffle.com/bbs/cposts/fl/flappingbird-2.p8.png],CC4-BY-NC-SA,2,"flappingbirdgogbone•2026-08-28*2026-08-28 01:39*•BBS>PICO-8>CartridgesSubscribe to this Thread(Receive email notifications)Pin To ProfileflappingbirdCart File|Forum Post|More cartridgesbygogboneMore Cartridges[View All]flappingbirdbygogboneCart#flappingbird-2

								|2026-08-28|Code ▽|Embed ▽|License:CC4-BY-NC-SA2Copy and paste the snippet below into your HTML.Made my first game ever, just a simple clone of flappy bird. :)flappybirdflappybirdfirstgame2",No comments
Horse SpeedCutting,tegstudio,https://www.lexaloffle.com/bbs/thumbs/pico8_horse_speedcutting-0.png,[Cart: https://www.lexaloffle.com/bbs/cposts/ho/horse_speedcutting-0.p8.png],No License,3,"Horse SpeedCuttingtegstudio•2026-08-27*2026-08-27 18:58*•BBS>PICO-8>CartridgesSubscribe to this Thread(Receive email notifications)Pin To Profilehorse_speedcuttingCart File|Forum Post|More cartridgesbytegstudioMore Cartridges[View All]horse_speedcuttingbytegstudioCart#horse_speedcutting-0

								|2026-08-27|Code ▽|Embed ▽|No License3Copy and paste the snippet below into your HTML.Note: This cartridge's settings do not allow embedded playback. A [Play at lexaloffle] link will be included instead.A small game where you take care of your horse and compete in cutting competitionshorsecuttingcompetitionfarm3",No comments
castello,skaith,https://www.lexaloffle.com/bbs/thumbs/pico8_castello-6.png,[Cart: https://www.lexaloffle.com/bbs/cposts/ca/castello-6.p8.png],CC4-BY-NC-SA,15,"castelloskaith•2026-08-27*2026-08-27 18:23*•BBS>PICO-8>CartridgesSubscribe to this Thread(Receive email notifications)Pin To ProfilecastelloCart File|Forum Post|More cartridgesbyskaithMore Cartridges[View All]castellobyskaithCart#castello-6

								|2026-08-30|Code ▽|Embed ▽|License:CC4-BY-NC-SA15Copy and paste the snippet below into your HTML.Note: This cartridge's settings do not allow embedded playback. A [Play at lexaloffle] link will be included instead.CastelloAn homage to the old castlevania games with sluggish controls, but without the linear platforming.  Explore the world to find orbs that open doors and other useful items that help you get through the castle to defeat the evil lord.I want to also thank designers of the following games for inspirationMush - Demon CastleJulianR - Subsurfacemetroidvaniacastlevania15",No comments
chess_tourist,Lyrdl,https://www.lexaloffle.com/bbs/thumbs/pico8_chess_tourist-1.png,[Cart: https://www.lexaloffle.com/bbs/cposts/ch/chess_tourist-1.p8.png],CC4-BY-NC-SA,2,"chess_touristLyrdl•2026-08-27*2026-08-27 11:19*•BBS>PICO-8>CartridgesSubscribe to this Thread(Receive email notifications)Pin To Profilechess_touristCart File|Forum Post|More cartridgesbyLyrdlMore Cartridges[View All]chess_touristbyLyrdlCart#chess_tourist-1

								|2026-08-27|Code ▽|Embed ▽|License:CC4-BY-NC-SA2Copy and paste the snippet below into your HTML.Step through a game of chess from history. Watch this space for the other (more interactive) bits I'll add...x to progress the gameo to go backup down to scroll annotations2",No comments
Rockhound,VeryNaughtyBoy42,https://www.lexaloffle.com/bbs/thumbs/pico8_rockhound-9.png,[Cart: https://www.lexaloffle.com/bbs/cposts/ro/rockhound-9.p8.png],No License,5,"RockhoundVeryNaughtyBoy42•2026-08-27*2026-08-27 06:43*•BBS>PICO-8>CartridgesSubscribe to this Thread(Receive email notifications)Pin To ProfileRockhound 1.05Cart File|Forum Post|More cartridgesbyVeryNaughtyBoy42More Cartridges[View All]Rockhound 1.05byVeryNaughtyBoy42Cart#rockhound-9

								|2026-09-04|Code ▽|Embed ▽|No License5Copy and paste the snippet below into your HTML.In short: traverse the maze, collect gems, don't get killed!This game grew organically - first as an experiment to generate a random maze, then adding a character to walk around the maze, then something to collect, and so on.Each level is randomly generated, so even if you start the game again you'll get a different maze. Each level gets larger (up to 63x63 tiles), and contains more gems to collect and enemies to avoid.Speaking of enemies, there are five types, each with their own unique behaviours! Which one is your favourite? Even though they're the slowest, I have a soft spot for the Nappers - they have a habit of falling asleep in the most inconvenient places!Occasionally you can pick up an invincibility shield or an extra life.All in all, I don't think this game would look out of place in the 80's arcades I grew up in.I'd love to hear your scores ... personally I'm yet to make it past level 8. I love that I get my ass kicked by my own game :)Version History:1.00 - Initial release1.01 - Changed movement to make it easier to walk between gaps in the walls1.02 - A few minor fix-ups1.03 - Note to self: stop tinkering and write a new game! 1.02 broke more than it fixed, gah.1.04 - OK, a bit more tinkering - I added a High Score function!1.05 - Increased the viewport sizemazepuzzlearcade5",No comments
Basic Shmup,techywrinkles,https://www.lexaloffle.com/bbs/thumbs/pico8_fopuhewube-0.png,[Cart: https://www.lexaloffle.com/bbs/cposts/fo/fopuhewube-0.p8.png],No License,1,"Basic Shmuptechywrinkles•2026-08-272026-08-27 06:06•BBS>PICO-8>CartridgesSubscribe to this Thread(Receive email notifications)Pin To ProfilefopuhewubeCart File|Forum Post|More cartridgesbytechywrinklesMore Cartridges[View All]fopuhewubebytechywrinklesCart#fopuhewube-0

								|2026-08-27|Code ▽|Embed ▽|No License1Copy and paste the snippet below into your HTML.Note: This cartridge's settings do not allow embedded playback. A [Play at lexaloffle] link will be included instead.shmupshooterstg1",No comments
Beeventure!,Zandor,https://www.lexaloffle.com/bbs/thumbs/pico8_pewubosubo-0.png,[Cart: https://www.lexaloffle.com/bbs/cposts/pe/pewubosubo-0.p8.png],CC4-BY-NC-SA,3,"Beeventure!Zandor•2026-08-27*2026-08-27 00:26*•BBS>PICO-8>CartridgesSubscribe to this Thread(Receive email notifications)Pin To ProfilepewubosuboCart File|Forum Post|More cartridgesbyZandorMore Cartridges[View All]pewubosubobyZandorCart#pewubosubo-0

								|2026-08-27|Code ▽|Embed ▽|License:CC4-BY-NC-SA3Copy and paste the snippet below into your HTML.This is my first PICO-8 game! I had a lot of fun making it and I hope you like playing it. Let me know what you think!BEEVENTUREYou're a bee with one year to live. Gather pollen, turn it intohoney, and store up enough to survive the winter.THE GOALCollect 20 honey before winter ends. Each season runs 2.5 minutes,so a full year is about ten minutes. The world changes with theseasons -- the palette shifts, the flowers change, and it snows inwinter.CONTROLS⬅️ ➡️   move❎      hold to fly, let go to drop🅾️      call your helper bees back to you(also revives you when you die)HOW IT WORKSLand on a flower to collect pollen -- you can carry 4 to start.Fly home and land on the hive to deposit it.The honeycomb holds 16 pollen. Every time you fill it you get:+4 honey+1 helper bee (up to 4)+1 health, if you're hurtSo 20 honey means filling the comb five times. Flowers regrow aftera while, so you never run the world dry.HELPER BEESYour helper bees follow you and pick fights with the flies. Each onealso raises how much pollen you can carry, up to 8 with a full crew.They're fragile -- three hits and they're gone -- and when one diesyour carrying capacity drops with it. Press 🅾️ to pull them out of afight before they get killed, and bring them back to the hive to healthem up.WATCH OUTFlies cost you a heart on contact, and you only have four. Run out andyou'll wake up back at the start with full health -- but you'll dropevery scrap of pollen you were carrying.Press 🅾️ on the title screen for in-game help.casualarcadeaction3",No comments
My first game :>,ivoryP,https://www.lexaloffle.com/bbs/thumbs/pico8_boxingbrawlcart-12.png,[Cart: https://www.lexaloffle.com/bbs/cposts/bo/boxingbrawlcart-12.p8.png],CC4-BY-NC-SA,6,"My first game :>ivoryP•2026-08-19*2026-08-19 00:46*•BBS>PICO-8>CartridgesSubscribe to this Thread(Receive email notifications)Pin To ProfileBoxing Brawl 1.0Cart File|Forum Post|More cartridgesbyivoryPMore Cartridges[View All]Boxing Brawl 1.0byivoryPCart#boxingbrawlcart-12

								|2026-08-26|Code ▽|Embed ▽|License:CC4-BY-NC-SA6Copy and paste the snippet below into your HTML.Hello people from pico-8, this is my first game, it is a turn-based boxing themed game which is, depending on my future motivation, either almost complete or far from it. This is the first original game that i make in pico-8, or any game engine, and i think i got the basics of how to code in here now. There are only five levels for now and the tutorial is not done, so it may be a bit frustrating, but i think it is playable.To fight, navigate to the move you want with the <- and -> , then use the up key to select the move. Using a move is going to cost you energy, which is the red bar in the left side, and if you run out of it you lose. After that you opponent is going to attack you and a simple little minigame is going to play, do it right and you will take no damage, miss and you take 3 points of damage.(damage also takes your energy away)Hope you have fun!(edit: i have worked on the game for a bit more time, polished it a bit, added new moves and the final enemy, and there are 15 moves for you to unlock now. There still are bugs and things that i wanted to add but i ran out of tokens, i even used Shrinko8 to get the last bit of code in there lol. I dont think the game is perfect, but im proud of it and think its a pretty good start for my pico-8 experience.)6",No comments
FoxFall: Peg Party!,atomic2002,https://www.lexaloffle.com/bbs/thumbs/pico8_foxfallpegparty-0.png,[Cart: https://www.lexaloffle.com/bbs/cposts/fo/foxfallpegparty-0.p8.png],No License,3,"FoxFall: Peg Party!atomic2002•2026-08-272026-08-27 00:26•BBS>PICO-8>CartridgesSubscribe to this Thread(Receive email notifications)Pin To ProfileFoxFall: Peg Party! — A Peggle/Breakout/Plinko HybridHey folks! I've been working on a pinball-meets-peggle roguelike and wanted to share it with the community.What is it?FoxFall: Peg Party! is a peggle-inspired roguelike where you:Aim & shoot and at pegs/appples (up/down to aim, left/right to move, X to fire)Clear all the orange pegs (apples) laid out in puzzle patternsCatch the apples in the moving basket after each shot and bounce the ball back up to get even more apples(left/right to steer)Earn apples as currency to spend in the shop on upgrades:Extra balls (lives)Bombs ( press X ) to explode your bomb when surrounded by apples to make quick work of the board.Basket speed & sizeI'd love to hear what you think! Feel free to test it out and let me know what works, what doesn't, or what you'd like to see added though I am just about at the pico8 limit.Also available on Itch.iohttps://atomic2002.itch.io/foxfall-adventuresAnd soon on android under foxfall adventuresfoxfallpegpartyCart File|Forum Post|More cartridgesbyatomic2002More Cartridges[View All]foxfallpegpartybyatomic2002Cart#foxfallpegparty-0

								|2026-08-27|Code ▽|Embed ▽|No License3Copy and paste the snippet below into your HTML.Thanks! 🦊actionpuzzlepeggleplinkobreakoutcasual3",No comments
PICOPON v0.1.2 beta release,dbroown,https://www.lexaloffle.com/bbs/thumbs/pico8_picopon-3.png,[Cart: https://www.lexaloffle.com/bbs/cposts/pi/picopon-3.p8.png],CC4-BY-NC-SA,8,"PICOPON v0.1.2 beta releasedbroown•2026-08-26*2026-08-26 23:37*•BBS>PICO-8>CartridgesSubscribe to this Thread(Receive email notifications)Pin To ProfilePICOPON v0.1 betaCart File|Forum Post|More cartridgesbydbroownMore Cartridges[View All]PICOPON v0.1 betabydbroownCart#picopon-3

								|2026-08-27|Code ▽|Embed ▽|License:CC4-BY-NC-SA8Copy and paste the snippet below into your HTML.Hi, this is my first cartridge, so be gentle, pls.PICOPON is basically both a demake and a reimagination of PATAPON.It is a rhythm-based game where you lead a small squad using commands. You can use two drums: PICO and PON.They can be used in different orders to give different commands, you have 4 in total:PICO-PICO-PICO-PON is AdvancePON-PON-PICO-PON is AttackPON-PICO-PON-PICO is RetreatPICO-PON-PICO-PON is DefendUse them to explore the dungeon, where you will find diverse and powerful enemies.The main appeal is the Rogue-lite elements, if you die, you have to start again, and I implemented a perks/cards system.We have 3 main perks:Unit cards: Add Pan the Archer to your party, or Tin the Swordman.Evolution: Evolve your unit, every class has two evolutions, you can only pick one per run.Perk: Win a powerful passive that will help you to make your way through the dungeon.In this first beta you can explore the complete first floor, with a miniboss at the end, all the feedback is well appreciated, I want to find bugs or balance the levels, feel free to comment and most importantly, ENJOY!PICO PICO PICO PON!rhythmpicopondemakepatapon8",No comments
Breakout Clone on PICO8,cinar6786,https://www.lexaloffle.com/bbs/thumbs/pico8_komufiwuha-0.png,[Cart: https://www.lexaloffle.com/bbs/cposts/ko/komufiwuha-0.p8.png],No License,1,"Breakout Clone on PICO8cinar6786•2026-08-262026-08-26 15:17•BBS>PICO-8>CartridgesSubscribe to this Thread(Receive email notifications)Pin To ProfileBreakout Clone on PICO8Cart File|Forum Post|More cartridgesbycinar6786More Cartridges[View All]Breakout Clone on PICO8bycinar6786Cart#komufiwuha-0

								|2026-08-26|Code ▽|Embed ▽|No License1Copy and paste the snippet below into your HTML.Note: This cartridge's settings do not allow embedded playback. A [Play at lexaloffle] link will be included instead.breakoutarkanoidarcadepaddlepaddlegameballballgameactionretro1",No comments
Red Ball 4 Port on PICO8 0.1,cinar6786,https://www.lexaloffle.com/bbs/thumbs/pico8_tihotiwaru-0.png,[Cart: https://www.lexaloffle.com/bbs/cposts/ti/tihotiwaru-0.p8.png],No License,1,"Red Ball 4 Port on PICO8 0.1cinar6786•2026-08-262026-08-26 15:09•BBS>PICO-8>CartridgesSubscribe to this Thread(Receive email notifications)Pin To ProfileRed Ball 4 Port on PICO8 0.1Cart File|Forum Post|More cartridgesbycinar6786More Cartridges[View All]Red Ball 4 Port on PICO8 0.1bycinar6786Cart#tihotiwaru-0

								|2026-08-26|Code ▽|Embed ▽|No License1Copy and paste the snippet below into your HTML.Note: This cartridge's settings do not allow embedded playback. A [Play at lexaloffle] link will be included instead.platformerpico81",No comments
Peak Demake Project (incomplete),raffaelord,https://www.lexaloffle.com/bbs/thumbs/pico8_peakdema_menu-1.png,[Cart: https://www.lexaloffle.com/bbs/cposts/pe/peakdema_menu-1.p8.png],CC4-BY-NC-SA,10,"Peak Demake Project (incomplete)raffaelord•2026-08-262026-08-26 14:45•BBS>PICO-8>CartridgesSubscribe to this Thread(Receive email notifications)Pin To ProfilePeak - Demake Demo v0.4Author's NotesThis is a remake project for the gamePeakthat I was working on a while back. I sort of stopped working on it because the feedback from testers was poor (the game wasn't very fun to play) and my hype forPeakkind of faded.I'm posting it here because I might pick it up again depending on community engagement.peakdema_menuCart File|Forum Post|More cartridgesbyraffaelordMore Cartridges[View All]peakdema_menubyraffaelordCart#peakdema_menu-1

								|2026-02-16|Code ▽|Embed ▽|License:CC4-BY-NC-SA10Copy and paste the snippet below into your HTML.Controls (In-game only)Left / Right Arrows:MoveZ:JumpX:Grab (consumes stamina)Down:Enter backpack modeBackpack mode:UseXto delete item,Zto use itemLinks & ContactView Version HistoryIf you'd like to help me create original music or demakes of thePeaksoundtrack, send me a DM on Twitter:@RRaffaelRocha02demakepeakarcademultplayer10",No comments
"PicoQuest, the Text based RPG",BonjeSponge_,https://www.lexaloffle.com/bbs/thumbs/pico8_fekutowoj-0.png,[Cart: https://www.lexaloffle.com/bbs/cposts/fe/fekutowoj-0.p8.png],No License,2,"PicoQuest, the Text based RPGBonjeSponge_•2026-08-262026-08-26 06:36•BBS>PICO-8>CartridgesSubscribe to this Thread(Receive email notifications)Pin To ProfilePicoQuestCart File|Forum Post|More cartridgesbyBonjeSponge_More Cartridges[View All]PicoQuestbyBonjeSponge_Cart#fekutowoj-0

								|2026-08-26|Code ▽|Embed ▽|No License2Copy and paste the snippet below into your HTML.rpgtextbasedadventureaction2",No comments
Dragon Crawler Carla,KnightVision,https://www.lexaloffle.com/bbs/thumbs/pico8_dragoncrawlercarla_1-0.png,[Cart: https://www.lexaloffle.com/bbs/cposts/dr/dragoncrawlercarla_1-0.p8.png],No License,3,"Dragon Crawler CarlaKnightVision•2026-08-262026-08-26 05:45•BBS>PICO-8>CartridgesSubscribe to this Thread(Receive email notifications)Pin To Profiledragoncrawlercarla_1Cart File|Forum Post|More cartridgesbyKnightVisionMore Cartridges[View All]dragoncrawlercarla_1byKnightVisionCart#dragoncrawlercarla_1-0

								|2026-08-26|Code ▽|Embed ▽|No License3Copy and paste the snippet below into your HTML.Note: This cartridge's settings do not allow embedded playback. A [Play at lexaloffle] link will be included instead.Dragon Crawler CarlaBy KnightVisionYou're Carla, dressed in your best gender-bent Carl cosplay. Navigate the crowds and hotels of your favorite fan convention, trying to get to your events on time. You can pick up badge ribbons from admirers along the way.ControlsArrow keys to movev/x or keypad x to exit static screens3",No comments
Intervium,8BJackie,https://www.lexaloffle.com/bbs/thumbs/pico8_intervium-5.png,[Cart: https://www.lexaloffle.com/bbs/cposts/in/intervium-5.p8.png],CC4-BY-NC-SA,14,"Intervium8BJackie•2026-08-26*2026-08-26 00:35*•BBS>PICO-8>CartridgesSubscribe to this Thread(Receive email notifications)Pin To ProfileA different take on Minesweeper!Intervium 1.2Cart File|Forum Post|More cartridgesby8BJackieMore Cartridges[View All]Intervium 1.2by8BJackieCart#intervium-5

								|2026-08-29|Code ▽|Embed ▽|License:CC4-BY-NC-SA14Copy and paste the snippet below into your HTML.Navigate a maze, collect keys, and find your way to the goal but watch your step. One wrong move and you’ll fall into your demise. don't worry tho, you have like 2 tries before losingdue to ""Popular demand"" for me to explain the game mechanism, I suggest you guys read the 'help' menu before playingAlso, pardon the music… I’m still learning how to make music in pico8, I'm not proud of it either but you can mute them from pause menu (P)Intervium 1.1 change log:> Exploration mode can now be switches between hold mode and toggle mode in pause menu (pressP). so it's more friendly to mobile user> It's now clear which deco can be walks on and which's not (I hope so)> Changed the door sprite to be more clear so you can stop walking into wallIntervium 1.2 change log:> Added more Help tabs for actual “casual” players, so people can stop blaming me for not explaining the properly> You can now toggle solid decorations on/off in the pause menu, because apparently people are still complaining about the decorations blocking their way.> Added an explanation for “the-thing.” in help tabs> Also made the-thing more noticeable when it happens in game.> Added different-thing that activate differently and might take a while to notice. is buggy because I don't have enough token to polish it. but it works> I will not explain what they are. You have to find them yourself.mazeminesweepergrid14",No comments
my_first_game_p9,rainbow_tv,https://www.lexaloffle.com/bbs/thumbs/pico8_my_first_game_p9-4.png,[Cart: https://www.lexaloffle.com/bbs/cposts/my/my_first_game_p9-4.p8.png],CC4-BY-NC-SA,3,"my_first_game_p9rainbow_tv•2026-08-25*2026-08-25 06:08*•BBS>PICO-8>CartridgesSubscribe to this Thread(Receive email notifications)Pin To Profilemy_first_game_p9_1.1Cart File|Forum Post|More cartridgesbyrainbow_tvMore Cartridges[View All]my_first_game_p9_1.1byrainbow_tvCart#my_first_game_p9-4

								|2026-08-26|Code ▽|Embed ▽|License:CC4-BY-NC-SA3Copy and paste the snippet below into your HTML.my_first_game_p9byrainbow_tvCart#my_first_game_p9-0

								|2026-08-25|Code ▽|Embed ▽|License:CC4-BY-NC-SA3Copy and paste the snippet below into your HTML.something is wrong whit my game please help.i think you have to know the passwordterroranaloghorror3",No comments
Berliner Luft,novel,https://www.lexaloffle.com/bbs/thumbs/pico8_berlinerluft-0.png,[Cart: https://www.lexaloffle.com/bbs/cposts/be/berlinerluft-0.p8.png],CC4-BY-NC-SA,6,"Berliner Luftnovel•2026-08-242026-08-24 21:18•BBS>PICO-8>CartridgesSubscribe to this Thread(Receive email notifications)Pin To ProfileberlinerluftCart File|Forum Post|More cartridgesbynovelMore Cartridges[View All]berlinerluftbynovelCart#berlinerluft-0

								|2026-08-24|Code ▽|Embed ▽|License:CC4-BY-NC-SA6Copy and paste the snippet below into your HTML.A little one screen demo serving as an invitation for the Demoparty ""Deadline 2026"" in Berlin (4-6 of october). Released at Evoke (Demoparty in Cologne) last weekend.It was my very first release as a coder. Normally, when I do something in the demoscene, I make music on Amiga (Protracker). So this was a firstie and I learned a lot!The tune ""Berliner Luft"" (Berlin air) origins from an operetta from 1904 and is one the best known modern folk song melodies in Germany.demoscenedeadlineberlin6",No comments
Sapper,1Sergey,https://www.lexaloffle.com/bbs/thumbs/pico8_sapper01-0.png,[Cart: https://www.lexaloffle.com/bbs/cposts/sa/sapper01-0.p8.png],CC4-BY-NC-SA,7,"Sapper1Sergey•2026-08-24*2026-08-24 17:50*•BBS>PICO-8>CartridgesSubscribe to this Thread(Receive email notifications)Pin To Profilesapper01Cart File|Forum Post|More cartridgesby1SergeyMore Cartridges[View All]sapper01by1SergeyCart#sapper01-0

								|2026-08-26|Code ▽|Embed ▽|License:CC4-BY-NC-SA7Copy and paste the snippet below into your HTML.The standard Minesweeper we're all familiar with.I tried to make controls equally comfortable for both mouse and gamepad. Quick cursor movement with the gamepad.The 6x6 pixel grid allows for a large enough field on the screen and a legible font.I've also added a feature that I think this game is missing: right-clicking on a cell with a number.Thank you for playing!gamelogicminesweepersapperclassic7",No comments
mars lander,fr0st,https://www.lexaloffle.com/bbs/thumbs/pico8_biwitodusa-0.png,[Cart: https://www.lexaloffle.com/bbs/cposts/bi/biwitodusa-0.p8.png],CC4-BY-NC-SA,3,"mars landerfr0st•2026-08-24*2026-08-24 16:45*•BBS>PICO-8>CartridgesSubscribe to this Thread(Receive email notifications)Pin To Profileup, left, right to movemy 1st game!biwitodusaCart File|Forum Post|More cartridgesbyfr0stMore Cartridges[View All]biwitodusabyfr0stCart#biwitodusa-0

								|2026-08-24|Code ▽|Embed ▽|License:CC4-BY-NC-SA3Copy and paste the snippet below into your HTML.3",No comments
Ame Shoot 1.0.0 Release,CheeseB0y,https://www.lexaloffle.com/bbs/thumbs/pico8_ameshoot-0.png,[Cart: https://www.lexaloffle.com/bbs/cposts/am/ameshoot-0.p8.png],CC4-BY-NC-SA,4,"Ame Shoot 1.0.0 ReleaseCheeseB0y•2026-08-242026-08-24 00:03•BBS>PICO-8>CartridgesSubscribe to this Thread(Receive email notifications)Pin To ProfileAme ShootIn Ame Shoot you play as Hololive English's number 1 time traveling detective, Amelia Watson! You find yourself trapped in an underground cave. Fight your way out, and find out who trapped you here!This game is my first full solo game release outside of game jam projects. I am very excited to finally be finished with my first pico-8 project and show the world my work! The whole process of working on this game and learning about pico-8 and game development was a blast. let me know what you think.ameshootCart File|Forum Post|More cartridgesbyCheeseB0yMore Cartridges[View All]ameshootbyCheeseB0yCart#ameshoot-0

								|2026-08-23|Code ▽|Embed ▽|License:CC4-BY-NC-SA4Copy and paste the snippet below into your HTML.This game is an independent, non-profit fan-made game created as a derivative work of Hololive Production. It is not endorsed, affiliated, or sponsored by COVER Corp. All rights, characters, and assets associated with Hololive Production are the property of COVER Corp.platformershooterhololiveindiedevfangame4",No comments
constructer,rainbow_tv,https://www.lexaloffle.com/bbs/thumbs/pico8_constructer-1.png,[Cart: https://www.lexaloffle.com/bbs/cposts/co/constructer-1.p8.png],CC4-BY-NC-SA,2,"constructerrainbow_tv•2026-08-23*2026-08-23 21:13*•BBS>PICO-8>CartridgesSubscribe to this Thread(Receive email notifications)Pin To ProfileconstructerCart File|Forum Post|More cartridgesbyrainbow_tvMore Cartridges[View All]constructerbyrainbow_tvCart#constructer-1

								|2026-08-23|Code ▽|Embed ▽|License:CC4-BY-NC-SA2Copy and paste the snippet below into your HTML.my first public game be free to trythey is here to2",No comments
Catch the right one,Piyush,https://www.lexaloffle.com/bbs/thumbs/pico8_mefohukeya-0.png,[Cart: https://www.lexaloffle.com/bbs/cposts/me/mefohukeya-0.p8.png],CC4-BY-NC-SA,1,"Catch the right onePiyush•2026-08-232026-08-23 15:52•BBS>PICO-8>CartridgesSubscribe to this Thread(Receive email notifications)Pin To ProfileCatch the right oneCart File|Forum Post|More cartridgesbyPiyushMore Cartridges[View All]Catch the right onebyPiyushCart#mefohukeya-0

								|2026-08-23|Code ▽|Embed ▽|License:CC4-BY-NC-SA1Copy and paste the snippet below into your HTML.1",No comments
Jimbo the Frog,astropelican,https://www.lexaloffle.com/bbs/thumbs/pico8_jimbothefrog_v1-4.png,[Cart: https://www.lexaloffle.com/bbs/cposts/ji/jimbothefrog_v1-4.p8.png],CC4-BY-NC-SA,6,"Jimbo the Frogastropelican•2026-08-22*2026-08-22 19:25*•BBS>PICO-8>CartridgesSubscribe to this Thread(Receive email notifications)Pin To ProfileJimbo the FrogCart File|Forum Post|More cartridgesbyastropelicanMore Cartridges[View All]Jimbo the FrogbyastropelicanCart#jimbothefrog_v1-4

								|2026-09-08|Code ▽|Embed ▽|License:CC4-BY-NC-SA6Copy and paste the snippet below into your HTML.You're a frog in a generated maze. Eat every pip to clear it.Two kinds of pip[8x8]Normal pipsare everywhere. You'll have plenty.[8x8]Rubiesonly appear when a frenzied ghost is within three tiles of you.While one is that close, every pip you eat turns red. Get far enough awayand they turn normal again.Play it safe and you'll finish the maze with a pile of normal pips andnothing worth spending them on.To get rich, you have to let the ghostsget close.Ghosts[8x8][8x8][8x8][8x8]Ghosts wander the maze looking for frenzy pills. They avoid you, untilthey eat one.A wandering ghost is food. Run into it and you eat it for pips.But when a ghost eats a frenzy pill it turnsredand hunts you forabout ten seconds.If it catches you, you lose90%of your pips, both colours. It alsoeats your auto-frogs.Frenzy pills[8x8]Frenzy pills are what set the ghosts off. One flashes for a second beforeappearing, with a strange little sound.You can eat one yourself for 10 normal pips and 5 rubies. Doing so alsocalms every frenzied ghost in the maze.Fruit[8x8][8x8][8x8]Fruit puffs in away from you and hops around. Catch it and it bursts intopips that fly out and then home in on you.Strawberry 5, blueberry 10, eggplant 15. The longer you go without beingcaught, the better the fruit. Leave it too long and it puffs away.Ghosting[8x8]Press ❎ to turn into a ghost. Nothing can catch you.It only lastshalf a secondto start with. Upgrade it in the shop, halfa second at a time, up to two seconds.You cannot eat while vanished — no pips, no pills, no fruit. The blue meterdrains while you are a ghost and refills when you are not.",No comments
Golden Knight: Aurophobia,pollenstudio,https://www.lexaloffle.com/bbs/thumbs/pico8_gkcart1-2.png,[Cart: https://www.lexaloffle.com/bbs/cposts/gk/gkcart1-2.p8.png],CC4-BY-NC-SA,13,"Golden Knight: Aurophobiapollenstudio•2026-08-22*2026-08-22 19:04*•BBS>PICO-8>CartridgesSubscribe to this Thread(Receive email notifications)Pin To Profilegkcart1Cart File|Forum Post|More cartridgesbypollenstudioMore Cartridges[View All]gkcart1bypollenstudioCart#gkcart1-2

								|2026-08-29|Code ▽|Embed ▽|License:CC4-BY-NC-SA13Copy and paste the snippet below into your HTML.topdownadventureopenworlddarkbizarrestory13",No comments
clanker game,Puppyperson59,https://www.lexaloffle.com/bbs/thumbs/pico8_witoyinoze-0.png,[Cart: https://www.lexaloffle.com/bbs/cposts/wi/witoyinoze-0.p8.png],No License,9,"clanker gamePuppyperson59•2026-08-22*2026-08-22 18:41*•BBS>PICO-8>CartridgesSubscribe to this Thread(Receive email notifications)Pin To ProfileHarass ClankersCart File|Forum Post|More cartridgesbyPuppyperson59More Cartridges[View All]Harass ClankersbyPuppyperson59Cart#witoyinoze-0

								|2026-08-22|Code ▽|Embed ▽|No License9Copy and paste the snippet below into your HTML.Note: This cartridge's settings do not allow embedded playback. A [Play at lexaloffle] link will be included instead.Game I made to test 3d billboard sprites.3dfightingfps9",No comments
gk cart2,pollenstudio,https://www.lexaloffle.com/bbs/thumbs/pico8_gkcart2-0.png,[Cart: https://www.lexaloffle.com/bbs/cposts/gk/gkcart2-0.p8.png],CC4-BY-NC-SA,5,"gk cart2pollenstudio•2026-08-222026-08-22 14:32•BBS>PICO-8>CartridgesSubscribe to this Thread(Receive email notifications)Pin To Profilegkcart2Cart File|Forum Post|More cartridgesbypollenstudioMore Cartridges[View All]gkcart2bypollenstudioCart#gkcart2-0

								|2026-08-22|Code ▽|Embed ▽|License:CC4-BY-NC-SA5Copy and paste the snippet below into your HTML.5",No comments
Do Not Win This Tic Tac Toe,BiosStudio,https://www.lexaloffle.com/bbs/thumbs/pico8_dnwtttt_bios-1.png,[Cart: https://www.lexaloffle.com/bbs/cposts/dn/dnwtttt_bios-1.p8.png],CC4-BY-NC-SA,23,"Do Not Win This Tic Tac ToeBiosStudio•2026-08-22*2026-08-22 12:54*•BBS>PICO-8>CartridgesSubscribe to this Thread(Receive email notifications)Pin To Profilednwtttt_biosCart File|Forum Post|More cartridgesbyBiosStudioMore Cartridges[View All]dnwtttt_biosbyBiosStudioCart#dnwtttt_bios-1

								|2026-08-25|Code ▽|Embed ▽|License:CC4-BY-NC-SA23Copy and paste the snippet below into your HTML.Note: This cartridge's settings do not allow embedded playback. A [Play at lexaloffle] link will be included instead.DO NOT WIN THIS TIC TAC TOEbecause the win condition is twisted.Thenormal Tic Tac Toe rules applybut you have to master all 8 abilities.Every round you can gain5 points for every line, oruse your random abilitiesto get more points.Maybe this is not a solved game anymore.Maybe if you unlock more abilities, you will know what the true ending is.Maybe the only winning move is...DO NOT WIN THIS TIC TAC TOEGameplayPlay against CPU as the main game mode. Offline 2 player mode available once unlocked.Press (X), X to continue/place tilePress (O), Z to display information on abilitiesPress arrow keys to move the cursor+5 pts for every horizontal, vertical, and diagonal lineYou can restart the game by pressing Enter/Game Menu buttonAbilitiesKING+4pts if you place a tile on the centerCROSSBOW+1pts for every tiles placed on each cornerSIDEMAN+1pts for every tiles placed on each sideSpoilers for other abilities belowPEACEMAKER+5pts even if the game ends in a drawMAGICIANEvery turn: Enemy only has 3 tiles, your pts -1 for every vanished tilesSTOMPEREvery round: You can replace enemy tile once (except for the most recent one)RABBITAlways goes first, randomise if the enemy is also a rabbitGAMBLEREvery turn: There is a 10% chance to place 2 tilesCreditsSpecial thanks to NerdyTeachers and LazyDevs for their tutorials which got me into game development in PICO-8.Thanks to voidgazerbon for playtest, and all the people in the Discord community for their continuous support.Thanks to the m",No comments
SQXRE,dus,https://www.lexaloffle.com/bbs/thumbs/pico8_bopazudewi-0.png,[Cart: https://www.lexaloffle.com/bbs/cposts/bo/bopazudewi-0.p8.png],CC4-BY-NC-SA,4,"SQXREdus•2026-08-21*2026-08-21 23:07*•BBS>PICO-8>CartridgesSubscribe to this Thread(Receive email notifications)Pin To ProfileSQXRECart File|Forum Post|More cartridgesbydusMore Cartridges[View All]SQXREbydusCart#bopazudewi-0

								|2026-08-21|Code ▽|Embed ▽|License:CC4-BY-NC-SA4Copy and paste the snippet below into your HTML.Z - bounceX - BUYUP - select/deselectLEFT - select leftRIGHT - select rightDOWN - sell///I made this for my miyoo mini plus, fun simple game you can get addicted to :)gameincrementalidle4",No comments
Flail Rail,Kiduxians,https://www.lexaloffle.com/bbs/thumbs/pico8_yezahijoto-1.png,[Cart: https://www.lexaloffle.com/bbs/cposts/ye/yezahijoto-1.p8.png],CC4-BY-NC-SA,4,"Flail RailKiduxians•2026-08-21*2026-08-21 05:17*•BBS>PICO-8>CartridgesSubscribe to this Thread(Receive email notifications)Pin To ProfileFlail Rail v1.1Cart File|Forum Post|More cartridgesbyKiduxiansMore Cartridges[View All]Flail Rail v1.1byKiduxiansCart#yezahijoto-1

								|2026-08-24|Code ▽|Embed ▽|License:CC4-BY-NC-SA4Copy and paste the snippet below into your HTML.FLAIL RAILAn intense single-cart physics roguelike where you control an overclocked kinetic flail held together by sketchy jumper wires and sheer vibes.📜 STORYYou are a test probe dropped onto a breadboard from hell. Swarms of parasitic circuit bugs and high-voltage bosses are flooding the arena. Swing your Verletphysics cord, parry bullets, bounce off pinball bumpers, and stack 18 overclocked mods before the magic smoke escapes.🎮 CONTROLS*Mouse: Swing flail & aim
*Hold Left Click: Reel cord in (build tension charge)
*Release Left Click:WHIP-SNAP!(Sonic blast + rail bullet)
*Right Click:PULSE BLAST(When meter is full)
*Arrow Keys / (O) / (X): Keyboard backup controls⚡ FEATURES* Real-time Verlet rope physics & projectile parry mechanics
* 4 weapon classes (Flail, Twin Wire, Titan, Magnet)
* 18 stackable upgrades + secret super evolutions
* Mid-run shop, sacrifice shrines & multi-phase boss fights
* Pinball spring bumpers that launch flails & enemiesroguelike4",No comments
frogclick,Team_Metroit,https://www.lexaloffle.com/bbs/thumbs/pico8_frogclick-0.png,[Cart: https://www.lexaloffle.com/bbs/cposts/fr/frogclick-0.p8.png],CC4-BY-NC-SA,2,"frogclickTeam_Metroit•2026-08-21*2026-08-21 04:56*•BBS>PICO-8>CartridgesSubscribe to this Thread(Receive email notifications)Pin To ProfilefrogclickCart File|Forum Post|More cartridgesbyTeam_MetroitMore Cartridges[View All]frogclickbyTeam_MetroitCart#frogclick-0

								|2026-08-21|Code ▽|Embed ▽|License:CC4-BY-NC-SA2Copy and paste the snippet below into your HTML.Like Duck Street go check it out #Pico8 #Gamefrogclickeridle2",No comments
Orbitwell,rufenerd,https://www.lexaloffle.com/bbs/thumbs/pico8_orbitwell__rufenerd_v1-0.png,[Cart: https://www.lexaloffle.com/bbs/cposts/or/orbitwell__rufenerd_v1-0.p8.png],CC4-BY-NC-SA,6,"Orbitwellrufenerd•2026-08-20*2026-08-20 23:03*•BBS>PICO-8>CartridgesSubscribe to this Thread(Receive email notifications)Pin To Profileorbitwell__rufenerd_v1Cart File|Forum Post|More cartridgesbyrufenerdMore Cartridges[View All]orbitwell__rufenerd_v1byrufenerdCart#orbitwell__rufenerd_v1-0

								|2026-08-20|Code ▽|Embed ▽|License:CC4-BY-NC-SA6Copy and paste the snippet below into your HTML.Fly by science and by feel in this space gravity physics adventure!Complete missions as you advance your spaceflight skills.Flight Controlsx: thrust; increase translational velocity in the rocket's current angleleft: increase angular velocity; rotate counter-clockwise faster or clockwise slowerright: decrease angular velocity; rotate clockwise faster or counter-clockwise slowerz: display alternate stats (for select missions)pause: menu option to restart missionFlight Telemetry Gaugesx: distance to the right of the center of Earth, negative is to the lefty: distance above the center of Earth, negative is downθ: your rocket's current angle; radians/pidx: horizontal velocity; distance to the right per framedy: vertical velocity; distance up per framedθ: angular velocity in the counter-clockwise directionr: distance from center of earth|v|: speed; magnitude of velocity relative to Earthblue: speed is too slow to achieve circular orbitred: speed is too high to achieve circular orbitgreen: speed is close or exactly right for circular orbitorbv: required velocity for circular orbit at given r; sqrt(GM/r)blue: orbit target velocity is below current rocket velocityred: orbit target velocity is above current rocket velocitygreen: orbit target velocity is near current rocket velocityecc: orbital eccentricity to Earth; how oval-shaped the orbit isred: orbit is too oval-shaped to orbitorange: orbit might be possible, but not sustainablegreen: circular orbit achievedrelv: relative speed between the rocket and another massdist: distance from the rocket and another massrelative crash v: relat",No comments
NHS Manager,Mighty_Pirate,https://www.lexaloffle.com/bbs/thumbs/pico8_nhs_manager_v1-1.png,[Cart: https://www.lexaloffle.com/bbs/cposts/nh/nhs_manager_v1-1.p8.png],CC4-BY-NC-SA,5,"NHS ManagerMighty_Pirate•2026-08-20*2026-08-20 16:24*•BBS>PICO-8>CartridgesSubscribe to this Thread(Receive email notifications)Pin To Profilenhs_manager_v1.1Cart File|Forum Post|More cartridgesbyMighty_PirateMore Cartridges[View All]nhs_manager_v1.1byMighty_PirateCart#nhs_manager_v1-1

								|2026-08-21|Code ▽|Embed ▽|License:CC4-BY-NC-SA5Copy and paste the snippet below into your HTML.I've been playing around with PICO-8 to explore what it might be like to use for computer game art and philosophy. Here's my latest:NHS ManagerA tiny art-game about public healthcare in modern Britain.""This was the first time I addressed a contemporary political issue in an art-game. I thought it would be interesting to make a simple simulator about being a manager of an NHS hospital. I used to play games like Theme Hospital and Sim City. They always had a sharp satirical edge, something that was lost as the genre developed in the 2000s. Given the pressures on the NHS today, I wanted to go back to that. Like many people in Britain, I've received fantastic care from the NHS. But there's also times when I've been let down. And I've lived through all the rounds of 'reforms'. I even worked as a healthcare assistant for a bit, back at the Norfolk and Norwich Hospital when I was first swapping PICO-8 carts. This game is both a love letter to and a playful satire of an institution that we need more than ever.""-- James LaGrandeIf you enjoyed this game, please considerdonating to the NHSor, better yet, writing to your MP in support.ControlsArrow keys to select(X) and (Z) to confirmsimhospitalnhssimulatorartart-game5",No comments
pico8snake_v3,TigoHoogma,https://www.lexaloffle.com/bbs/thumbs/pico8_biposimaya-0.png,[Cart: https://www.lexaloffle.com/bbs/cposts/bi/biposimaya-0.p8.png],No License,3,"pico8snake_v3TigoHoogma•2026-08-20*2026-08-20 13:22*•BBS>PICO-8>CartridgesSubscribe to this Thread(Receive email notifications)Pin To Profilepico8snaketestv3Cart File|Forum Post|More cartridgesbyTigoHoogmaMore Cartridges[View All]pico8snaketestv3byTigoHoogmaCart#biposimaya-0

								|2026-08-20|Code ▽|Embed ▽|No License3Copy and paste the snippet below into your HTML.Note: This cartridge's settings do not allow embedded playback. A [Play at lexaloffle] link will be included instead.snakesnakegameboost3",No comments
"Recreation of ""One Formula That Demystifies 3D Graphics""",teatov,https://www.lexaloffle.com/bbs/thumbs/pico8_tsoding3dformula-0.png,[Cart: https://www.lexaloffle.com/bbs/cposts/ts/tsoding3dformula-0.p8.png],CC4-BY-NC-SA,4,"Recreation of ""One Formula That Demystifies 3D Graphics""teatov•2026-08-20*2026-08-20 11:16*•BBS>PICO-8>CartridgesSubscribe to this Thread(Receive email notifications)Pin To Profiletsoding3dformulaCart File|Forum Post|More cartridgesbyteatovMore Cartridges[View All]tsoding3dformulabyteatovCart#tsoding3dformula-0

								|2026-08-20|Code ▽|Embed ▽|License:CC4-BY-NC-SA4Copy and paste the snippet below into your HTML.Recreation of this video by Tsoding:https://www.youtube.com/watch?v=qjWkNZ0SXfo3ddemo4",No comments
morse horse,Lyrdl,https://www.lexaloffle.com/bbs/thumbs/pico8_morse_horse-1.png,[Cart: https://www.lexaloffle.com/bbs/cposts/mo/morse_horse-1.p8.png],CC4-BY-NC-SA,1,"morse horseLyrdl•2026-08-20*2026-08-20 10:02*•BBS>PICO-8>CartridgesSubscribe to this Thread(Receive email notifications)Pin To Profilemorse_horseCart File|Forum Post|More cartridgesbyLyrdlMore Cartridges[View All]morse_horsebyLyrdlCart#morse_horse-1

								|2026-08-24|Code ▽|Embed ▽|License:CC4-BY-NC-SA1Copy and paste the snippet below into your HTML.You're a horse and you're learning morse. Another 'game in an evening'.Press x to jump. Learn some horse morse I guess. Coming soon, more morse, more horse! More... Sauce?1",No comments
PORKSOULS,QuikeyGames,https://www.lexaloffle.com/bbs/thumbs/pico8_juritaroki-6.png,[Cart: https://www.lexaloffle.com/bbs/cposts/ju/juritaroki-6.p8.png],CC4-BY-NC-SA,5,"PORKSOULSQuikeyGames•2026-08-20*2026-08-20 05:41*•BBS>PICO-8>CartridgesSubscribe to this Thread(Receive email notifications)Pin To Profilejuritaroki1.5Cart File|Forum Post|More cartridgesbyQuikeyGamesMore Cartridges[View All]juritaroki1.5byQuikeyGamesCart#juritaroki-6

								|2026-08-31|Code ▽|Embed ▽|License:CC4-BY-NC-SA5Copy and paste the snippet below into your HTML.Note: This cartridge's settings do not allow embedded playback. A [Play at lexaloffle] link will be included instead.Welcome to PORKSOULS!As a lone piggy adventurer, your goal is to reach the highest floor in the Pork Tower to obtain the most delicious treasure of all the porky products, the Bacon Strip of Power.Crawl your way through 8 dungeon floors cloaked in darkness, delicious foods hidden in vases and tombstones, and dangerous monsters crawling around. Find the next staircase and reach the top of the tower!CONTROLSPress the Arrow Keys to navigate, interact with objects and attack monstersPress the X Key to activate your inventory and observe items and press C to exit.Arm yourself with kitchenware items and protections to fight back against stronger monsters on the upper floorsand gather delicious porky meals to heal, increase your MAX HP or give yourself a boost.But be careful, some foods may stun you for a turn or worse, give you a curse. If you gather a bad food, throw it at your enemies! Just make sure you don't throw the wrong food at them!You can also collect throwable kitchen utensils and chuck them at monsters who chase after you.Adventure off and get that tasty bacon strip!Special thanks to LazyDevsAcademy for helping me put this togetherMusic by Gruber""Eyes in the Dark""dungeoncrawleradventurefoodie5",No comments
Hitomezashi Editor 1.0,ptrgags,https://www.lexaloffle.com/bbs/thumbs/pico8_ptrgags_hitomezashi-0.png,[Cart: https://www.lexaloffle.com/bbs/cposts/pt/ptrgags_hitomezashi-0.p8.png],CC4-BY-NC-SA,5,"Hitomezashi Editor 1.0ptrgags•2026-08-192026-08-19 16:21•BBS>PICO-8>CartridgesSubscribe to this Thread(Receive email notifications)Pin To ProfileHitomezashi Editor 1.0Cart File|Forum Post|More cartridgesbyptrgagsMore Cartridges[View All]Hitomezashi Editor 1.0byptrgagsCart#ptrgags_hitomezashi-0

								|2026-08-19|Code ▽|Embed ▽|License:CC4-BY-NC-SA5Copy and paste the snippet below into your HTML.Note: This cartridge's settings do not allow embedded playback. A [Play at lexaloffle] link will be included instead.A little math art toy that creates Hitomezashi stitch patterns!ControlsD-pad: Move cursorX button: Toggle the bit for the row or column under the cursor.Note: To switch between rows and columns, navigate to the top left corner firstExample PatternsBackgroundHitomezashi patterns are a form ofsashiko embroiderywhere running stitches on a grid create intricate zigzag patternsI first learned about Hitomezashi patterns fromthis Numberphile Videowhere Ayliean MacDonald explains the math behind them. In short, each row of stitches has two possible placements:Start stitching at the edge of the gridStart stitching one square away from the edgeEach row and column is an independent choice, so you simply enter numbers in binary to create patterns.See alsoThe .p8 file for this cartridge is also available onmy GitHubMypaper-toasterGitHub repo (receipt printer art) has ahitomezashi patternoption.These patterns often come up at the Bridges math art conference. Inthis year's proceedingsthere are 3 papers on the subject!artmath-artembroiderytilingsbinary5",No comments
